es,ja
que,何
de,から
no,いいえ
a,に
la,NS
el,NS
es,それがあります
y,Y
en,オン
lo,それ
un,NS
por,にとって
qué,何
me,NS
una,NS
te,お茶
los,NS
se,知っている
con,と
para,そうするには
mi,自分
está,は
si,はい
bien,良い
pero,しかし
yo,自分
eso,それ
las,NS
sí,はい
su,これは
tu,君
aquí,ここ
del,の
al,へ
como,何
le,君
más,もっと
esto,これ
ya,すでに
todo,すべての
esta,は
vamos,行く
muy,非常に
hay,がある
ahora,今
algo,なにか
estoy,午前
tengo,持ってる
nos,我ら
tú,あなたの
nada,なし
cuando,いつ
ha,彼が持っています
este,これ
sé,彼
estás,それは
así,それで
puedo,5月リットル
cómo,なので
quiero,が欲しいです
sólo,1人
soy,午前
tiene,もっている
gracias,ありがとうございました
o,また
él,彼
bueno,良い
fue,そうだった
ser,することが
hacer,作る
son,それは
todos,皆
era,そうだった
eres,それは
vez,時間
tienes,あなたが持っている
creo,信じる
ella,彼女
he,NS
ese,それ
voy,行く
puede,五月
sabes,ほら
hola,こんにちは
sus,彼らの
porque,なぜなら
dios,神様
quién,WHO
nunca,一度もない
dónde,どこ
quieres,あなたが欲しいです
casa,家
favor,好意
esa,それ
dos,2
tan,それで
señor,ミスター
tiempo,天気
verdad,NS
estaba,Iました
mejor,一番
están,それはそうです
va,彼
hombre,男
usted,君
mucho,たくさんの
hace,NS
entonces,それから
siento,I感触
tenemos,持ってる
puedes,あなたはできる
ahí,そこの
ti,君
vida,一生
ver,見る
alguien,誰か
sr,氏
hasta,それまで
sin,それなし
mí,ぼくの
solo,それだけ
años,年
sobre,オン
decir,いう
uno,一
siempre,永遠に
oh,おー
ir,トーゴ
cosas,もの
también,また
antes,前
has,君
ni,ない
mis,ぼくの
día,日
estar,することが
estamos,そうだった
noche,夜
nadie,誰も
otra,他の
quiere,欲求
parece,そうみたいです
nosotros,私たち
poco,少し
padre,お父さん
trabajo,仕事
gente,人
mira,見る
vas,あなたが行く
sea,NS
les,彼ら
donde,どこ
mismo,同じ
hecho,終わり
ellos,彼ら
dijo,彼は言った
pasa,たまたま
dinero,お金
hijo,子
tal,そのような
otro,他の
hablar,話す
seguro,保険
claro,もちろん
estas,それは
lugar,場所
mundo,世界
amigo,友人
espera,待っている
mierda,うんこ
han,彼らは持っている
tus,あなたの
sabe,知っています
después,後で
momento,一瞬
desde,以来
fuera,外
cosa,もの
tipo,親切
mañana,朝
podemos,私たちはできる
dije,私は言いました
gran,大きい
necesito,必要に応じて
estado,調子
podría,そうかもしれない
acuerdo,合意
papá,父親
tener,持つため
dice,彼は言い​​ます
mío,自分の
crees,考える
buena,良い
gusta,お気に入り
nuestro,私たちの
nuevo,新着
será,なります
haciendo,やっ
días,日々
nombre,名前
buen,良い
había,ありました
ven,来て
tres,三つ
menos,以下
debe,したほうがいい
tenía,私が持っていました
mal,違う
conmigo,私と一緒に
madre,母親
hoy,今日
quien,WHO
sido,その間
mamá,ママ
tienen,持ってる
luego,すぐ
todas,全て
allí,そこの
toda,全て
hora,時間
mujer,女性
visto,見ます
haces,あなたがやる
importa,事項
contigo,あなたと
ve,行く
tarde,遅い
oye,おい
parte,部
haber,持つため
hombres,男性用
problema,問題
mas,もっと
saber,知っています
quería,欲しいです
aún,まだ
veces,回
nuestra,私たちの
hacerlo,やれ
cada,各
hizo,製
veo,そうですか
tanto,そんなに
razón,理由
ustedes,あなたの
idea,考え
esos,それらの
van,行く
quizá,多分
debo,私はしなければならない
alguna,いくつか
cierto,特定
ud,君
muerto,死
unos,いくつか
estos,これらは
salir,離れる
policía,警官
realmente,本当
demasiado,それも
familia,家族
pueden,彼らは〜できます
cabeza,頭
hemos,我々は持っています
amigos,友達
chica,女の子
cariño,親愛な
lado,側
allá,そこの
entre,お入りください
minutos,分
digo,いう
algún,いくつか
serio,私は笑った
cuidado,気をつけろ
pasó,彼は合格しました
buenas,良い
somos,それは
amor,愛
puerta,ドア
ves,分かりますか
vaya,わお
ah,ああ
suerte,ラッキー
eh,おい
rápido,素早い
cuenta,アカウント
quizás,多分
esas,それらの
pues,良い
pasado,過去
pensé,Iの考え
todavía,まだ
hermano,兄弟
debes,絶対です
casi,ほとんど
forma,形
aqui,ここ
chico,男
ok,わかった
dicho,格言
nueva,新着
sabía,私が知っていました
muchas,たくさんの
dentro,以内に
hice,やった
contra,に対して
auto,車
camino,道
ayuda,ヘルプ
primera,最初
hacia,向かって
vi,鋸
miedo,恐れ
adiós,さようなら
primero,初め
debería,そうすべき
poder,できる
niños,子供たち
sería,NS
historia,物語
hey,おい
mientras,その間
ciudad,街
dijiste,言った
espero,私は願います
cuánto,いくら
esposa,妻
pronto,早い
chicos,少年たち
cualquier,どれか
viejo,年
debemos,我々はしなければならない
deja,させて
año,年
muerte,死
hablando,語り
manos,手
da,提供します
loco,狂った
problemas,問題
mano,手
guerra,戦争
semana,週
pasar,合格
vale,わかった
cuál,どれの
viene,来ます
volver,戻る
toma,撮影
caso,場合
agua,水
haré,私はします
vete,どこかに行って
entiendo,わかった
horas,時間
personas,人
capitán,キャプテン
adelante,どうぞ
niño,男の子
listo,頭がいい
noches,ナイツ
buenos,良いもの
iba,行こうとしていた
juntos,一緒
dame,私に与える
único,個性的
déjame,私にさせて
cerca,選ぶ
otros,他人
sigue,続ける
grande,大きい
arriba,その上
jefe,ボス
habla,話します
supongo,私は考えます
manera,道
quieren,彼らが欲しいです
feliz,ハッピー
significa,その意味は
sangre,血液
fin,終わり
bajo,下
llama,電話
venir,来て
morir,死ぬために
importante,重要
hiciste,した
ojos,目
escucha,リッスン
entrar,入れ
ningún,どれか
corazón,心臓
diablos,悪魔
necesitamos,必要
atrás,後ろ
durante,その間
dices,いう
nuestros,私たちの
persona,人
abajo,下
dr,DR
hija,娘
dejar,させて
necesita,する必要がある
llegar,取得するため
hago,行う
señora,MS
haya,は
suficiente,足りる
doctor,医者
gustaría,したい
tierra,土地
cara,高価な
siquiera,少なくとも
genial,いいね
cree,クリー
supuesto,想定
tomar,飲む
equipo,チーム
justo,ただ
juego,演奏する
ninguna,なし
matar,殺す
cinco,五
dicen,いう
amo,愛
cuándo,いつ
pequeño,小さな
algunos,いくつか
conozco,知る
clase,クラス
maldito,のろわれました
unas,爪
muchos,たくさんの
hubiera,持っていました
segundo,2番目
aunque,もしそれでも
pueda,できる
dime,教えて
igual,同じ
comida,食物
ay,おー
cuerpo,体
encontrar,探す
fuerte,強い
vuelta,戻る
venga,来て
creer,信じる
realidad,現実
saben,彼らは知っている
puta,雌犬
deberías,あなたがすべき
pregunta,質問
fui,Iました
cuatro,四
sra,MS
primer,最初
trabajar,仕事へ
e,と
hagas,あなたがやる
alto,高い
maldita,くそ
comer,食べる
número,番号
dar,与える
necesitas,あなたの必要性
oportunidad,チャンス
punto,点
misma,同じ
última,過去
afuera,外
mujeres,女性
pensar,考える
fueron,彼らはいた
difícil,難しい
vivir,ライブへ
paso,彼は合格しました
malo,悪い
estabas,あなたがいました
vivo,生きている
haga,作る
queda,残されています
hijos,息子
mayor,より高いです
fiesta,パーティ
hacen,作る
medio,半分
algunas,いくつか
basta,十分
arma,武器
vino,ワイン
meses,ヶ月
cuarto,ベッドルーム
éste,これ
escuela,学校
esté,東
dólares,ドル
tío,叔父
posible,可能
tuve,私が持っていました
fácil,簡単
preocupes,心配
luz,ライト
eran,彼らはいた
carajo,くそ
final,最後の
lista,準備
trata,約
armas,兵器
hermana,妹
exactamente,まさに
chicas,女の子
podía,私はできた
bastante,とても
seguridad,安全
pasando,行き
esperando,待っている
acá,ここ
teléfono,電話
perro,犬
fuego,火
murió,死亡しました
tampoco,また
sola,1人
estuvo,彼がいた
verte,あなたに会うには
iré,私が行きます
tenido,染め
culpa,有罪
veras,わかるでしょ
adónde,どこへ
buscando,検索
cuanto,いくら
padres,親
paz,平和
demonios,悪魔
estará,なります
cual,どれの
perdón,許し
asi,それで
jugar,演奏する
pensando,考え
esperar,予想
sabemos,私たちは知っています
recuerdo,私は覚えています
par,ペア
joven,若い
seguir,引き続き、続きます
pueblo,街
tenga,持ってる
caballeros,諸君
idiota,バカ
dio,与えました
minuto,分
bebé,赤ちゃん
única,それだけ
lejos,遠い
nuestras,私たちの
plan,予定
pienso,おもう
sentido,検出
dormir,寝るため
digas,あなたは言う
palabra,語
correcto,右
control,コントロール
vemos,私たちは見る
entiendes,分かるでしょう
país,国
seis,六
último,最新
ésta,は
diga,教えて
podrías,出来ますか
pequeña,小さな
cállate,シャット
trato,処理
rey,王
sucede,たまたま
muchachos,少年たち
jamás,一度もない
cama,ベッド
srta,MS
ayudar,ヘルプへ
acerca,約
di,与えました
cambio,変化する
falta,足らない
hospital,病院
lleva,運びます
presidente,大統領
mil,一千
gusto,味
conoces,ほら
diciendo,格言
os,君
ido,ゴーン
general,全般的
extraño,変
semanas,週間
coche,車
peor,悪い
mucha,たくさん
disculpe,すみません
diré,私は言うだろう
anoche,昨晩
perder,失う
vámonos,さあ行こう
nave,船
cielo,ダーリン
habrá,あるだろう
orden,注文
segura,安全
querida,親愛な
niña,少女
increíble,すばらしい
además,そのうえ
deben,したほうがいい
libro,本
calle,街
café,コーヒー
piensas,考える
hacemos,私達が作ります
especial,特別
queremos,我々はしたいです
irme,離れる
perfecto,完全
buscar,探す
odio,嫌い
piensa,考える
oficina,オフィス
hablas,話す
libre,自由
agente,エージェント
york,ニューヨーク
llamar,コールへ
mala,悪い
detrás,後ろ
viste,ドレス
dile,彼に伝えて
grandes,大きい
recuerdas,覚えて
real,本物
estaban,そうだった
mía,私の
frente,フロント
perdido,失った
llamo,電話する
muertos,死
millones,何百万人
asesino,暗殺者
sueño,夢
quisiera,私は...したい
habría,あるだろう
hará,意思
viaje,トラベル
probablemente,多分
resto,休み
estaré,私は〜になる
maldición,呪い
lamento,嘆く
muchacho,若い男
avión,飛行機
ropa,衣類
fuerza,力
llamado,呼ばれます
oído,聴覚
dado,サイコロ
encima,オン
negro,黒
usar,使用する
información,情報
uds,君
preguntas,質問
tuvo,彼は持っていた
secreto,秘密
vuelve,戻り値
miren,見る
quieras,欲しいです
haría,どうなります
acaba,ただ
otras,他の
incluso,平
sientes,あなたが感じる
deberíamos,我々はすべき
haz,作る
decirte,あなたを伝えます
boca,口
dolor,痛み
baño,浴
adentro,屋内
profesor,先生
habitación,ベッドルーム
daño,傷つく
tuyo,あなたの
seas,NS
noticias,ニュース
demás,残り
querido,親愛な
duro,続きました
poner,設定
prueba,証拠
mire,見て
tonto,バカ
campo,田舎
siendo,であること
diez,十
ése,それ
tranquilo,落ち着いて
asunto,事件、出来事
acabó,ただ
quédate,止まる
derecho,右
placer,喜び
recuerda,覚えて
estuve,Iました
tratando,しよう
ejército,軍
futuro,将来
llevar,着る
compañía,会社
venido,私が来ます
listos,準備
haremos,意思
sitio,サイト
verlo,彼を見ます
puesto,露店
atención,注意
sino,そうでなければ
cambiar,変化する
error,エラー
blanco,白い
raro,変
palabras,言葉
llegó,私は到着します
sal,塩
pase,たまたま
mente,マインド
sistema,システム
película,映画
anda,ANDA
ello,それ
negocio,対処
novia,彼女
permiso,許可
creí,考え
suena,音
ocurre,発生
oficial,正式
espere,待って
aire,空気
mató,彼は殺しました
regresar,復帰へ
vio,鋸
hazlo,やれ
trasero,後方
grupo,グループ
entendido,了解した
señorita,お嬢
música,音楽
perra,雌犬
conoce,知られています
empezar,始める
siente,フィール
acabo,終了した
estúpido,バカ
diferente,違う
traje,コスチューム
modo,モード
encontré,IのFOUND
mensaje,メッセージ
llamada,電話
navidad,クリスマス
eras,年齢
pena,痛み
largo,長いです
entra,入り
piso,平らな
foto,写真
dijeron,彼らは言った
médico,医者
accidente,事故
fuiste,あなたがいました
imposible,不可能
podríamos,我々は出来た
línea,ライン
propia,自分の
barco,ボート
ganar,勝つために
normal,正常
segundos,秒
vive,それは住んでいます
mitad,半分
quiera,欲しいです
tras,後
decirle,教えて
lindo,可愛い
funciona,できます
programa,プログラム
vine,来ました
abre,開きます
sean,それは
pagar,賃金へ
fotos,写真
centro,中心
supone,想定
basura,ごみ
situación,状況
mejores,上
vienen,彼らが来る
encanta,愛
marido,夫
personal,個人的
maestro,先生
hambre,飢え
ataque,攻撃
culo,尻
dale,どうぞ
pie,足
conseguir,得る
trabajando,働く
gracioso,面白い
dejó,させて
pudo,できる
derecha,右
izquierda,左
próxima,次
pobre,貧しい
respuesta,答え
tipos,種類
sentir,感じられる
tenías,持っていました
pude,できる
darle,彼にあげる
voz,ボイス
amiga,友人
gustan,お気に入り
vista,見る
salvo,それ外
loca,クレイジー
hotel,ホテル
hicieron,彼らが作った
ten,十
temo,恐れ
señal,サイン
pelo,髪
llevo,身に付ける
ayer,昨日
das,あなたが与える
nena,ひよこ
servicio,サービス
tren,列車
bonito,美しい
mes,月
tendrá,持っています
tendrás,あなたが持っています
edad,年
ellas,彼ら
hermosa,美しいです
honor,名誉
simplemente,単に
llamas,通話
tengas,あなたが持っている
corre,実行
baja,短い
sol,太陽
siéntate,座って下さい
dan,与える
humano,人間
divertido,楽しい
sexo,性別
vuelto,投入
peligro,危険
mesa,テーブル
siguiente,続く
hablo,I話します
disculpa,言い訳
decirme,教えて
caja,箱
negocios,仕事
misión,ミッション
silencio,静かにして
sale,出てくる
llegado,到着した
estaría,それは希望
regreso,戻る
media,半分
estan,それは
propio,自身の自己
oro,ゴールド
enseguida,すぐに
linda,美しい
prometo,約束します
esposo,夫
norte,北
hubo,だった
juro,私は誓います
muerta,死
interesante,面白い
pensaba,考え
busca,目指します
terminar,結局
tendré,私は持っています
completamente,完全に
cita,予定
siete,セブン
cumpleaños,たんじょうび
abogado,弁護士
alrededor,その周り
cerebro,脳
porqué,どうして
llave,レンチ
santo,聖なる
hermoso,ハンサム
necesario,必要
edificio,建物
irnos,離れる
aun,まだ
tendremos,我々は持っています
vayas,行く
doy,与える
trae,もたらします
salió,彼は左
ley,法
ahi,そこの
verdadero,NS
pelea,喧嘩
banco,銀行
terrible,ひどい
calma,落ち着け
cena,夕食
daré,私があげます
gobierno,政府
comprar,買う
creen,信じる
sargento,軍曹
destino,行き先
existe,存在します
hacía,向かって
novio,新郎
sala,部屋
través,終えた
regalo,現在
iglesia,教会
decía,彼は言った
cualquiera,どれか
excelente,優秀な
esperen,予想
deseo,願い
alma,魂
diablo,悪魔
deje,離れる
cuántos,たくさんの
espada,剣
estábamos,我々はなかったです
carne,お肉
maravilloso,素晴らしい
vidas,静物
sucedió,それは起こった
oí,私は聞いた
peligroso,危険な
dirección,方向
libertad,自由
jesús,イエス
ocurrió,発生した
veré,私が表示されます
sueños,夢
pudiera,できる
detective,探偵
sorpresa,サプライズ
tuya,あなたのもの
pies,フィート
club,クラブ
terminado,終了した
infierno,地獄
creía,考え
luna,月
salvar,保存する
carta,手紙
estés,NS
cielos,天上
teniente,中尉
encuentra,発見
veamos,どれどれ
quise,私は欲しかった
escúchame,私の話を聞いて下さい
necesitan,必要
ambos,それらの両方
decisión,決断
enemigo,敵
hicimos,私たちでした
dulce,キャンディー
pruebas,テスト
querías,欲しいです
abuelo,おじいちゃん
totalmente,完全に
mirando,見ること
vayan,行く
carrera,人種
vuelo,フライト
ante,を考慮して
bienvenido,いらっしゃいませ
harás,あなたは〜をします
encontramos,我々は気づく
encontrado,見つかった
contacto,コンタクト
posición,位置
saberlo,知っている
planeta,星
humanos,人間
coronel,大佐
junto,一緒
diría,言うでしょう
ésa,それ
base,ベース
oír,聞く
suelo,私は通常
pelear,喧嘩
ayudarte,助けます
pistola,銃
frío,寒い
comandante,指揮官
partes,部品
llega,到着
verás,わかるでしょ
sur,南
iremos,私たちは行きます
rato,暫く
mar,海
espacio,スペース
asesinato,殺人
ventana,窓
prisa,急ぐ
tienda,店
cámara,カメラ
puedas,できる
según,によると
broma,ジョーク
reunión,ミーティング
despierta,起きろ
sacar,テイクアウト
tí,君
segunda,2番目
papel,論文
locura,瘋癲
departamento,デパートメント
horrible,最悪
enfermo,病気
pregunto,私が尋ねます
cárcel,牢屋
órdenes,受注
intento,試してみました
isla,小島
salida,出口
llamó,電話する
volveré,戻ります
usa,用途
gato,猫
hagan,作る
dejes,離れる
duele,それは傷つけます
vengan,来て
crimen,犯罪
esperaba,私は期待しました
causa,原因
bar,パブ
seré,私は〜になる
ocho,八
temprano,早い
río,川
relación,関係
drogas,薬物
luces,ライト
bromeando,冗談
ojalá,場合にのみ、
hablamos,私たちは話す
trabaja,ワークス
irse,離れる
libros,図書
radio,無線
vienes,あなたが来ます
quedan,それは
excepto,それ外
brazo,腕
tome,取る
rojo,赤
conocido,知られています
universidad,カレッジ
investigación,調査
batalla,戦い
reglas,ルール
cargo,位置
hogar,家
ninguno,なし
dieron,彼らは与えました
vuelva,戻る
sabías,ほら
respeto,尊敬する
estación,駅
corte,切る
paciente,忍耐強い
encuentro,ミーティング
energía,エネルギー
dejado,左
baile,ダンス
abuela,おばあちゃん
caliente,ホット
vieja,年
viendo,見て
veremos,様子を見よう
rayos,レイ
simple,単純
bailar,ダンス
papa,お父さん
triste,悲しい
zona,ゾーン
serás,あなたはするであろう
guardia,ガード
canción,歌
salud,健康
escuchar,聞く
parar,止まる
estarás,あなたはするであろう
cenar,夕食を持っています
soldados,兵隊
caballo,うま
serán,なります
estaremos,我々は次のようになります
interesa,興味がある
volar,飛ぶ
principio,始まり
nivel,レベル
cálmate,落ち着いて
conocer,知る
finalmente,ついに
alegro,嬉しい
debajo,下
podrían,できる
bosque,森林
bonita,かわいい
bolsa,バッグ
pone,場所
taxi,タクシー
ocupado,占領下
amable,良い
acaso,多分
detente,止まる
imbécil,バカ
san,聖人
equivocado,違う
viva,住む
puso,置く
obra,建設現場
consejo,助言
público,公衆
ayúdame,助けて
animales,動物
azul,青
apuesto,ハンサム
prisión,刑務所
mirar,見る
inteligente,頭いい
metros,メートル
fantástico,素晴らしい
próximo,次
jugando,演奏
ojo,目
salga,でる
vea,見る
llaman,電話
entrada,エントリ
duda,疑問に思う
cerveza,ビール
unidos,ユナイテッド
matado,殺されました
princesa,お姫様
perdí,私は逃した
entender,理解する
santa,NS。
quedar,止まる
miles,数千
llamaré,私は電話しますよ
compañero,同僚
pensado,考え抜いた
espalda,戻る
dejé,離れる
bomba,爆弾
cartas,カード
apenas,かろうじて
leer,読む
hermanos,兄弟姉妹
darme,ください
papi,お父ちゃん
mantener,保つ
suyo,あなたのもの
rico,リッチ
verla,それを参照してください
lee,読む
sigues,あなたはまだあります
toca,劇
olvídalo,これを忘れます
acción,アクション
hayas,持ってる
dioses,神々
mando,指図
dejaré,私は行きます
llegue,着いたよ
formas,シェイプ
uh,ええと
cierra,閉じ
damas,女性
puente,橋
memoria,メモリー
regresa,戻ってきた
muévanse,動く
parecía,ように見えた
vestido,ドレス
llaves,キー
tv,テレビ
camión,トラック
acabar,終了
robot,ロボット
llevó,身に付ける
montón,ヒープ
estuviste,あなたがいました
máquina,機械
puertas,ドア
podamos,私たちはできる
muere,死んで行きます
trago,飲む
mayoría,多くの
reina,女王
lleno,満杯
inglés,英語
don,ドン
soldado,兵隊
estrella,スター
escuche,私は聞いた
valor,価値
pido,私が尋ねます
delante,の前に
código,コード
héroe,勇者
fe,信仰
capaz,有能
verme,私を見て
beber,飲む
velocidad,速度
darte,あなたを与えるために
llevas,取る
partido,マッチ
estuviera,だった
dia,日
opinión,意見
irte,離れる
cocina,キッチン
abrir,開く
perros,犬
tambien,同様に
sepa,知る
pareces,見る
escribir,書き込みへ
golpe,吹く
tenia,私が持っていました
alta,高い
estados,州
tocar,演奏する
vuelvo,戻ってきます
habían,彼らが持っていた
ganas,欲望
hacerte,作る
dejo,左
volvió,戻った
ejemplo,例
contar,教えて
tenían,彼らが持っていた
propósito,目的
entiende,理解
empieza,開始
anillo,指輪
londres,ロンドン
tendría,持っています
pedir,聞く
estilo,スタイル
ayudarme,助けて
pista,追跡
cambiado,かわった
escapar,エスケープ
eeuu,米国
encontró,彼は見つけた
espíritu,精神
viejos,年
molesta,動揺
nota,ノート
diferencia,違い
tratar,試す
precio,価格
caballero,騎士
sirve,それがあります
alegra,ハッピー
doble,ダブル
agradable,楽しい
embargo,禁輸
tengan,持ってる
tuvimos,我々は持っていた
sube,上がる
estén,それは
mami,ママ
emergencia,緊急
cuello,首
boda,結婚式
aprender,学び
té,お茶
informe,報告
blanca,白い
experiencia,経験
debía,したほうがいい
podido,私は持っている
mentira,嘘
director,監督
mata,ブッシュ
exacto,まさに
déjalo,ほっといて
defensa,防御の
tuviste,あなたが見た
confiar,信頼
color,色
hacerle,作る
aquel,それ
conocí,会いました
probar,試す
príncipe,王子
irá,に行きます
despacio,ゆっくり
tiro,投げました
vacaciones,休日
perdió,失った
fondo,バックグラウンド
verde,緑
parecen,彼らはのように見えます
mama,ママ
bienvenida,ようこそ
opción,オプション
operación,手術
hablado,話した
traer,持ってくる
principal,主要な
demonio,悪魔
zapatos,靴
leo,獅子座
respecto,尊敬
nuevos,新着
especie,種族
pidió,彼は尋ねた
éxito,成功
cabrón,脳たりん
mírame,私を見て
piernas,下肢
unidad,単位
hielo,氷
llegamos,我々が到着
déjeme,私にさせて
debí,したほうがいい
vendrá,来る
matrimonio,結婚
habías,持っていました
podrá,あなたはできる
piel,肌
preocupa,心配
quedarme,止まる
mio,自分の
tuviera,持っていました
tiempos,時間
quienes,WHO
oiga,聞く
últimos,最新
oigan,聞く
fuimos,行った
arte,美術
necesitaba,必要に応じて
quiénes,どなた
común,一般
intentando,しよう
llevaré,私がもらう
levántate,起きる
correr,走る
brillante,キラキラ
calor,ホット
planes,予定
dra,DRA
visita,訪問
presión,プレッシャー
pared,壁
esperanza,望み
completo,満杯
subir,増加
cansado,疲れた
llame,私は呼びました
recordar,覚えて
trampa,トラップ
monstruo,モンスター
bajar,降りる
pierna,足
señores,拝啓
tomó,Iテイク
pasará,それが起こるのだろう
mataste,あなたが殺しました
grandioso,壮大
socio,相棒
herido,怪我した
cayó,それが落ちました
fuerzas,力
cine,映画館
escena,シーン
tía,叔母
dando,与え
puntos,点数
teníamos,我々は持っていた
dejaste,左ます
muévete,進め
larga,長いです
solía,慣れている
tema,テーマ
preparado,準備
depende,場合によります
policías,警察
solos,1人
matarme,私を殺して
pon,置く
hubiese,持っていました
bebe,赤ちゃん
tanta,そんなに
oeste,西
parís,パリ
viento,風
jóvenes,若者
hacerme,自分
asiento,シート
estupendo,すごい
caminar,歩く
juicio,判定
creerlo,信じます
carga,ロード
tranquila,静かな
banda,バンド
estarán,なります
animal,動物
escuchen,聞く
encontraron,彼らは見つけた
dejas,あなたが聞かせて
tarjeta,カード
ibas,行き
podrás,あなたはできる
nueve,九
seguramente,もちろん
volverá,に戻るには
majestad,尊厳
llena,満杯
caer,秋
aeropuerto,空港
vayamos,私達は行く
acabado,終了
sigo,私はついていきます
enorme,甚大
área,範囲
muevas,動く
haberlo,私は持っている
dejen,離れる
ridículo,ばかげている
reloj,時計
hagamos,やろう
flores,フラワーズ
mapa,地図
culpable,有罪
cuentas,アカウント
pareja,相棒
tomando,撮影
laboratorio,ラボ
beso,接吻
empezó,それが開始します
pedí,私は尋ねた
nariz,鼻
cuestión,質問
terminó,終了した
vengo,私が来ます
perdona,赦し
acuerdas,覚えて
verano,夏
prefiero,好む
peso,重さ
oscuridad,暗闇
diferentes,違う
cliente,クライアント
cuántas,幾つか
televisión,テレビ
suya,彼女の物
prensa,プレス
vistazo,一目
inmediatamente,すぐに
solamente,それだけ
gordo,太い
quedarse,滞在する
posibilidad,可能性
medicina,薬
malditos,呪わ
pantalones,パンツ
mataron,彼らは殺されました
ayude,ヘルプ
podremos,我々はできます
locos,LOCOS
nombres,名
parecer,思われる
américa,アメリカ
definitivamente,絶対に
cinta,鉢巻き
desea,あなたが欲しいです
brazos,武器
asuntos,問題
riesgo,危険
escuché,聞く
lugares,場所
cuento,物語
noticia,ニュース
dígame,教えて
decirlo,私は言う
tonterías,愚かなもの
sentimientos,思い
objetivo,目的
pasada,合格
arreglar,修理
casado,結婚
bote,ボート
roja,赤
leyes,法制
millón,100万
árbol,木
hable,私が話した
proyecto,下書き
nervioso,非常に神経質
lana,ウール
salido,出てきた
pedazo,ピース
malas,悪い
joder,くそ
humana,人間
absolutamente,絶対
evitar,避ける
corriendo,急遽
bala,銃弾
vosotros,君
despues,後で
debido,期限
confianza,自信
especialmente,特に
intenta,試す
pequeños,小さなもの
paga,支払い
ganado,家畜
ama,愛
limpio,クレンジング
comenzar,始める
ángeles,エンジェル
robots,ロボット
lleve,私は運んだ
ruido,ノイズ
preocupe,心配
belleza,美しさ
salgan,離れる
come,食べる
verá,あなたが表示されます
deberían,したほうがいい
líder,リーダー
preguntar,聞く、質問する
inocente,無垢
lástima,残念
red,ネット
enfermedad,疾患
desgraciado,不運な
harán,意思
dientes,歯
maté,メイト
central,セントラル
ponte,置く
felices,ハッピー
supe,私が知っていました
haberte,ごめん
marcha,行進
poderes,権力
hubieras,持っていました
justicia,正義感
bella,美しい
dé,の
proteger,守ること
cabello,髪
pedido,注文
oscuro,暗い
embarazada,妊娠中
costa,海岸
dama,レディ
alguno,どれか
orgulloso,誇り
vos,君
tomado,とら
digamos,まあ言ってみれば
debió,彼が持っている必要があります
gana,欲望
cura,治す
lengua,言語
araña,クモ
podré,私はことができるようになります
voluntad,意思
total,合計
dedo,指
pago,支払い
agradezco,私は感謝します
partir,から
lucha,闘争
leche,ミルク
diste,あなたが与えました
copa,カップ
quedarte,止まる
seguros,保険
destruir,破壊する
bienvenidos,いらっしゃいませ
llevan,彼らは運ぶ
ponga,置く
lados,両側
acceso,アクセス
intentar,試す
trajo,彼がもたらしました
desastre,災害
deber,したほうがいい
herida,傷
débil,弱い
naturaleza,自然
luchar,闘争へ
extraña,変
encontraste,対照的に
vieron,彼らが見た
llámame,電話してね
imagen,写真
pan,パン
refieres,平均
clientes,顧客
varios,様々
show,見せる
auxilio,ヘルプ
oyes,聞く
siguen,従う
sentado,座っ
saliendo,出てきます
responsable,責任が
olvidado,忘れ
quedó,そうだった
permite,これは、ことができます
aquella,それ
puse,置いた
sonido,音
quiso,欲しがった
escrito,書かれました
carro,車
preciosa,美しい
muestra,見せる
bastardo,子なし
restaurante,飲食店
huevos,卵
fantasma,幽霊
mismos,同じ
profesional,プロフェッショナル
amas,愛
entero,全体
películas,フィルム
cerrado,閉まっている
dedos,指
sigan,従う
dueño,オーナー
cuchillo,ナイフ
turno,振り向く
tormenta,嵐
caray,わお
abierto,開いた
quede,止まる
verdadera,本物
mato,マト
doc,ドク
playa,ビーチ
km,キロ
victoria,勝利
primo,いとこ
oíste,聞こえたの
lisa,スムーズ
interior,中身
hechos,行為
piedra,結石
jodido,クソ
militar,軍隊
computadora,コンピューター
encantaría,愛
siga,従う
silla,椅子
movimiento,動き
momentos,瞬間
familiar,家族
apartamento,アパート
disparar,シュート
tesoro,宝物
perfecta,完全
refiero,つまり
motivo,理由
dará,に与えます
nuevas,ニュース
mr,氏
querer,欲しいです
matarlo,彼を殺せ
valiente,勇敢
víctima,被害者
tendrán,意思
estúpida,バカ
envió,運送
encantado,チャームド〜魔女3姉妹
diario,毎日
abran,開いた
sentí,感じた
autobús,バス
traído,持ってきた
casas,家
apúrate,急げ
encuentras,あなたが見つけます
descanso,壊す
sheriff,シェリフ
mueve,動きます
inglaterra,イングランド
quieto,まだ
matarte,殺す
calles,街
tamaño,サイズ
colegio,カレッジ
usando,使用して
cabo,ケープ
video,ビデオ
toques,タッチ
pelota,玉
yendo,行き
directo,直接
termine,私は終えた
vivos,生きている
sombrero,帽子
tomé,取る
estudio,勉強
grave,深刻
protección,保護
secretos,秘密
perdiendo,負け
pecho,胸
sepas,知る
enferma,病気
cuesta,料金
negros,黒
estrellas,出演者
lago,湖
clases,レッスン
obviamente,明らかに
inmediato,今RIGH
modos,モード
irás,あなたが行きます
robo,ストール
mataré,殺すぞ
seria,だろう
apoyo,へのサポート
cerrar,シャットダウン
imagino,私は想像する
amenaza,脅威
toque,私は感動しました
saca,引っこ抜く
viernes,金曜日
hayan,持ってる
roto,壊れた
piloto,パイロット
marca,ブランド
combate,戦闘
hablé,私が話した
manejar,取り持つ
sección,セクション
profundo,深い
tantos,たくさんの
conocía,彼は知っていた
serie,セリエ
contrato,契約する
americano,アメリカン
paseo,乗る
aviones,プレーン
balas,弾丸
repente,突然
cambia,変化する
tropas,軍
llevará,運ぶ
uso,使用する
pudiste,あなたは出来る
detener,止まる
sabia,私が知っていました
llegué,着いたよ
negra,黒
decidido,決定しました
comienza,始まります
distancia,距離
éramos,我々はなかったです
murieron,彼らは死んだ
averiguar,探し出す
actuar,行為
quedo,私は残ります
pulso,脈
aguanta,所有
oficiales,正式
llamaba,彼は電話をしました
enemigos,敵
saldrá,意思
preocupado,心配した
elección,選択
sobrevivir,生き残ります
bordo,ボード
sujeto,主題
pacientes,忍耐
disculpen,すみません
época,時代
entró,私が入ります
pesar,量ります
habló,I話します
vender,売る
piensan,彼らは考える
ex,前者
gratis,自由
desapareció,彼はいなくなった
empleo,仕事
llamé,私は呼びました
conocen,知る
cerdo,豚
puedan,彼らは〜できます
comprendo,理解する
tomo,Iテイク
termina,終了
aléjate,逃げる
busco,私は検索します
contento,ハッピー
date,日付
tumba,墓
huellas,足跡
cuerpos,遺体
absoluto,絶対
pide,頼みます
dura,難しい
descansar,休む
respuestas,答え
propiedad,財産
llamando,呼び出し
dormido,眠っていました
castillo,城
china,中国
datos,データ
torre,タワー
robar,窃盗
americanos,アメリカ人
malos,悪い
botella,ボトル
aquellos,それらの
últimamente,近々
testigo,目撃者
presento,現在
periódico,新聞
juez,ジャッジ
historias,ストーリー
gustaba,彼が言っています
créeme,私を信じて
necesitar,必要
esquina,コーナー
millas,マイル
llamadas,電話
fuente,噴水
conocemos,私たちは知っています
techo,天井
genio,天才
alerta,警報
ideas,考え
tomas,ショット
olvidar,忘れる
menor,以下
droga,ドラッグ
explicar,説明
abierta,開いた
privado,プライベート
miembros,メンバー
nacional,全国
gustó,味
discutir,口論
evidencia,証拠
detalles,詳細
tardes,午後
tomaré,私がかかります
presente,現在
criminal,犯罪的
premio,賞
vuelvas,戻る
siéntese,座って下さい
viniste,あなたが来ました
recibir,受け取る
mires,見る
teniendo,ました
huele,におい
hables,トーク
guardias,警備員
enamorado,愛し
cuidar,世話をする
pocos,少し
perdone,許す
natural,ナチュラル
caballos,馬
escucho,私が聞いている
enfermera,看護婦
ángel,天使
sospechoso,疑わしい
local,ローカル
mentiras,嘘
camisa,シャツ
confía,信頼
aceptar,受け入れるために
venganza,復讐
perdimos,負けた
cuantos,たくさんの
parque,公園
juegos,ゲーム
vives,あなたは住んでいますか
varias,いくつかの
harías,行う
menudo,頻繁
déjenme,私を残し
barrio,近所
virus,ウイルス
talento,タレント
ministro,牧師
hiciera,行う
robó,盗難
conocerte,会う
viviendo,生活
responsabilidad,責任
respira,息
números,数字
pertenece,それが属しています
desayuno,朝ごはん
campeón,チャンピオン
controlar,コントロール
maría,マリア
nieve,雪
méxico,メキシコ
dias,日々
vergüenza,恥
doctora,医者
blancos,白人
fumar,タバコを吸う
llevamos,私たちは運ぶ
Europa,ヨーロッパ
dudo,私は疑う
pastel,パイ
quedas,あなたはとどまります
cae,落ちます
vimos,我々ソー
recibido,受け取った
andando,ウォーキング
agentes,エージェント
fueras,あなたがいました
asustado,恐れ
perdóname,私を許して
reino,王国
clave,キーコード
papeles,論文
matando,殺害
efecto,効果
plata,銀
olvidé,忘れてしまいました
iban,行っていた
universo,宇宙
política,政治
almuerzo,ランチ
magia,魔法
lluvia,雨
humor,ユーモア
autos,車
veía,彼は見た
tantas,たくさんの
respirar,呼吸する
cantar,歌う
trabajas,あなたの仕事
disparo,撮影
conversación,会話
olor,臭い
asesinos,殺人者
muchacha,女の子
modelo,モデル
curso,コース
canal,チャネル
rock,石
llorar,泣く
borracho,酔っ払い
regresen,戻る
váyanse,出て行け
sentía,感じた
resultado,結果
parado,停止
olvides,忘れる
mirada,見る
inútil,使い物にならない
acabas,ただ
ciencia,理科
perdiste,あなたが負けた
sociedad,社会
regrese,戻りました
camioneta,ピックアップトラック
coño,円錐
revista,雑誌
pareció,ようだった
montaña,山
maravillosa,素晴らしい
dejarlo,離れる
máximo,最大
echar,投げる
corriente,現在
escuchando,聞いている
disculpas,謝罪
cadáver,死体
seguimos,私たちはフォローする
ron,ロン
espectáculo,見せる
mundial,世界
francia,フランス
decirles,教えて
aspecto,外観
presencia,面前
famoso,有名
corto,短い
relájate,ただリラックス
poderoso,強いです
recuerdos,お土産
llego,到着した
carretera,高速道路
pasé,たまたま
oigo,聞く
esperamos,待ってる
escuchado,耳を傾け
cable,ケーブル
rosa,ローズ
bola,玉
oferta,オファー
intentarlo,試す
habido,私はされて
continuar,継続する
ladrón,泥棒
humanidad,人類
estómago,胃
entera,全体
contó,彼は言い​​ました
poniendo,我慢
mercado,市場
granja,農場
idiotas,馬鹿
hablemos,LETの話
estudiante,学生
siglo,世紀
relaciones,関係
hablan,話す
nosotras,NS
miembro,メンバー
fortuna,運
libres,自由
acciones,行動
esperas,あなたが期待します
suficientemente,足りる
llevaron,彼らは主導しました
ocurrido,起こりました
andar,歩く
perfectamente,完全に
pasan,合格
jardín,ヤード
cola,しっぽ
resultados,結果
francés,フランス語
troya,トロヤ
tercera,第3
entrenamiento,トレーニング
azúcar,シュガー
metido,I GOT
ayudarlo,ヘルプ
diles,Diles
coger,取る
lunes,月曜
ey,EY
intención,目的
volviendo,取り戻します
efectivo,現金
salgamos,出かけましょう
preguntaba,尋ね
olvida,忘れ
helicóptero,ヘリコプター
fuertes,強いです
encantador,魅力的な
original,元の
cadena,鎖
tarea,宿題
dispara,シュート
corta,短い
compañeros,クラスメート
cirugía,手術
quítate,脱ぐ
querían,彼らは欲しかった
precioso,貴重
lord,主
comenzó,開始
truco,騙す
inspector,インスペクター
enojado,イライラ
felicidades,おめでとう
desaparecido,ない
acto,行為
pollo,チキン
chocolate,チョコレート
adonde,どこへ
resulta,結果
merece,値します
gas,ガス
examen,テスト
vean,見る
tonta,バカ
importantes,重要
apuesta,ベット
directamente,直接
recuperar,回復する
pongo,置いた
llegaron,彼らが来ました
cobarde,腰抜け
cantidad,額
sucio,汚れた
habia,ありました
emperador,天皇
mono,猿
encontraremos,探す
disparen,シュート
gloria,栄光
contrario,逆に
socorro,ヘルプ
sir,お客様
escaleras,はしご
pasos,ステップ
nuevamente,また
derechos,権利
obtener,入手します
guste,お気に入り
búsqueda,探す
helado,凍った
fútbol,フットボール
sexual,性的
polvo,ほこり
aseguro,保証
rostro,顔
robado,盗まれました
policia,警察
empresa,仕事
escuchas,聞く
pones,置く
lárgate,スクラム
interés,興味
discúlpeme,すみません
dejaron,彼らは行ってしまった
tengamos,持ってみましょう
firma,固い
llevaba,彼は着た
llegas,あなたが到着します
cristo,キリスト
tercer,第3
senador,上院議員
continúa,立ち止まるな
gracia,優美
cien,百
des,デ
tratado,条約
razones,理由
caminando,ウォーキング
urgencias,緊急
u,また
esperan,待っています
muñeca,手首
firme,固い
duerme,睡眠
ambulancia,救急車
limpia,綺麗
habéis,持ってる
flota,海軍
leyenda,伝説
encuentre,探す
fué,そうだった
romper,壊れます
muriendo,死んでいる
encontrarlo,彼を探せ
rescate,救援
quedado,左
enfrente,前に
comienzo,始める
árboles,木
queso,チーズ
favorito,お気に入り
haberme,自分
frontera,国境
creemos,我々は信じている
colega,同僚
jueves,木曜日
alemanes,ドイツ人
sábado,土曜日
limpiar,掃除
puto,クソ
poquito,少し
cientos,何百
muero,私が死ぬ
irak,イラク
inteligencia,知能
funcionar,関数
felicitaciones,おめでとう
escapó,彼は逃げた
criatura,生き物
milagro,奇跡
deprisa,早く
especiales,特別
campamento,キャンプ
responde,回答バック
escuchaste,あなたは耳を傾け
debiste,あなたがすべき
adios,さようなら
viven,彼らは生きます
recoger,選び出す
preguntarte,お聞き
compras,買い物
cansada,疲れた
elegir,選ぶ
cáncer,癌
servir,機能します
pata,足
huir,逃げる
útil,使える
grados,度
atacar,攻撃
recién,新しく
querría,私は必要だろう
guapo,ハンサム
alcance,範囲
dejame,私にさせて
quedamos,止まる
llegará,到着
seremos,私達はします
desierto,デザート
licencia,ライセンス
trató,処理
proceso,処理する
llevado,実施
durmiendo,睡眠
tensión,テンション
martes,火曜日
kilómetros,キロメートル
cartera,財布
tráfico,トラフィック
guarda,ガード
impresionante,素晴らしい
víctimas,犠牲者
ricos,リッチ
primeros,最初
dejamos,離れる
tomen,取る
iguales,同等
domingo,日曜日
crear,作成します
quedará,なります
pérdida,失った
extra,追加
fuese,そうだった
confío,私は信頼し
sabido,知られています
análisis,分析
llegaste,あなたは来た
fría,寒い
violencia,暴力
mate,メイト
lobo,狼
discurso,スピーチ
actor,俳優
orgullo,誇り
odia,嫌い
libras,ポンド
alli,そこの
agencia,エージェンシー
vuelvan,戻る
necesidad,必要
naves,船
descubrir,調べるには
tira,ストリップ
resolver,整理する
pondré,私は入れます
volando,飛行
pensamos,我々が考えます
míos,ぼくの
errores,ミス
celular,モバイル
cuantas,幾つか
verlos,彼らを見て
ayudarle,ヘルプ
meter,置く
hablaré,私は話します
ésto,これ
buscas,見ること
equivocada,違う
dejan,離れる
vacío,空
trabajaba,彼は働いた
salón,リビングルーム
motor,モーター
conducir,リード
compré,私は買った
quizas,多分
den,洞穴
cerrada,閉まっている
cortar,切り落とす
crea,作成
sera,そうなる
mueva,動く
hazme,メイク・ミー
bravo,ブラボー
pregunté,私はを求めました
promesa,約束する
espejo,鏡
dígale,教えて
sienta,感じられる
médicos,医師
cero,零
escribió,書きました
volveremos,私たちは戻ってきます
unidades,ユニット
cheque,小切手
consigue,得る
antiguo,年
regla,ルール
pesadilla,悪夢
enviar,送信
podías,できる
llevarte,取る
entrenador,コーチ
cuida,世話をします
paciencia,忍耐
dilo,それを言います
levanta,高める
complicado,複雑
superior,より高いです
sugiero,私は提案します
familias,家族
dirá,伝えとく
pienses,考える
temporada,季節
suelta,ゆるい
corran,走る
propios,自分の
feo,ぶさいくな
dispuesto,準備
ayúdenme,助けて
teoría,仮説
salvaje,野生
negativo,ネガティブ
íbamos,私たちは行きます
hubieran,彼らが持っていた
tripulación,クルー
taza,丼鉢
perdida,失った
vinieron,彼らが来ました
ponen,置く
pasamos,私たちは、渡されました
parecido,似ている
acepto,同意します
gay,ゲイ
señoras,女性
quedaré,私は滞在するつもりです
parada,止まる
niñas,女の子
conseguí,I GOT
acabamos,我々は終了します
normalmente,いつもの
muchísimo,とても
bruja,魔女
vegas,ベガス
tuvieron,彼らが持っていた
traigo,私が持って来る
matará,殺します
funeral,葬儀
conseguiste,あなたが得ます
teatro,シアター
medianoche,夜中
biblioteca,図書館
estemos,私たちです
túnel,トンネル
encargo,充電
aparece,現れる
testigos,目撃者
pensó,考え
fueran,彼らはいた
fantasmas,幽霊
correo,郵便物
vuestro,あなたの
piscina,プール
paquete,パッケージ
copia,コピー
suicidio,自殺
crédito,クレジット
consigo,彼と一緒に
vuestra,あなたの
rara,変
legal,法的
hablaremos,私たちは話をします
cambió,変化する
solas,1人
salimos,私たちは出掛けた
ganador,勝者
estudiantes,学生
despierto,起きた
pare,パレ
invitado,招待
guía,ガイド
oso,くま
leí,私は読む
explosión,爆発
dejarme,私にさせて
chino,中国の
sorprende,驚くべき
sistemas,システム
nación,国家
entienden,彼らは理解して
arena,砂
mentiroso,うそつき
hablaba,彼女が言っていました
veas,Sへ行きます
pura,ピュア
asesinado,殺害
mintiendo,横たわります
casos,ケース
vehículo,車両
rata,ねずみ
importancia,重要性
distinto,違う
pintura,ペインティング
intenté,私は試した
conciencia,良心
miras,見る
máquinas,マシン
traeré,私は持っていきます
revisar,小切手
veinte,二十
seres,人間
hablarle,話す
disco,ディスク
transporte,輸送
mina,私の
labios,唇
señoría,威
llamamos,電話
doce,12
cuídate,用心します
pasillo,ホール
tele,テレビ
podria,そうかもしれない
completa,満杯
rápida,速い
precisamente,正確に
llamaste,呼ばれます
cumplir,準拠
servicios,サービス
señales,信号
acaban,彼らが終了します
suéltame,手放す
hablarte,話す
traté,私は試した
pescado,魚
huesos,骨格
daría,与えるだろう
compra,買物
trajiste,あなたがもたらしました
templo,寺
placa,ナンバープレート
posibilidades,可能性
ira,に行きます
vengas,来て
siguiendo,続く
podrán,ことができるようになります
llamarme,電話
cierta,いくつか
permitir,許可する
condiciones,条項
atrapar,トラップ
temperatura,温度
explicación,説明
enviado,送信済
contado,カウント
asistente,アシスタント
imperio,帝国
pidiendo,尋ねます
notas,グレード
curioso,奇妙な
operaciones,オペレーション
mantén,保つ
tierras,土地
creas,信じる
pez,魚
morirá,死にます
visión,見る
montañas,山脈
comido,食べ
construir,建てる
comunidad,コミュニティ
verán,あなたが表示されます
pierde,ミス
piense,考える
felicidad,幸福
diversión,楽しい
salvó,それ外
quita,削除する
museo,美術館
disparó,撮影
desearía,をお願いします
misterio,神秘
buscamos,我々が求めて
aviso,知らせ
almirante,提督
solución,解決
pequeñas,少し
faltan,ない
existen,存在
combustible,燃料
leído,読む
tirar,投げる
responder,答え
esfuerzo,努力
vuelves,また
pájaro,鳥
hermanas,姉妹
guerrero,戦士
esposas,妻たち
coma,食べる
abra,開いた
traes,持っていく
sientas,感じられる
olvide,忘れてしまいました
bolsillo,ポケット
heridas,傷
saco,コート
gasolina,ガソリン
conexión,繋がり
correcta,右
pedazos,作品
líneas,ライン
estarías,だろう
convierte,MAKES
ayudará,に役立ちます
rumbo,コース
rompió,壊れました
muera,ダイス
mia,私の
material,素材
diamantes,ダイヤモンド
rápidamente,早く
mírate,あなたを頼りにします
fecha,日付
escritorio,デスク
digan,教えて
registro,記録
maten,殺す
incendio,火
deme,ください
sois,あなたは
pensamientos,考え
dímelo,教えて
comiendo,食べること
aparte,そのほか
asesinatos,殺人
lección,レッスン
algun,いくつか
abrigo,コート
tratamiento,処理
julio,七月
pene,陰茎
conejo,ウサギ
suceder,起こる
ruta,ルート
ciego,盲目
asqueroso,おぞましい
súper,素晴らしい
prisionero,囚人
odie,嫌い
ocupada,忙しい
llevarlo,それを運びます
empezamos,私たちは始めました
estuvimos,我々はなかったです
decírselo,教えて
honesto,本音
entrevista,インタビュー
antigua,古代の
amante,愛人
humo,煙
gustas,あなたのような
condado,郡
conseguido,I GOT
viajar,旅行へ
sombra,風邪
sabrá,わかるでしょう
refiere,指し、
lío,混乱
estáis,あなたは
entrega,配達
drácula,ドラキュラ
compartir,共有へ
volvamos,聞かせてのは、戻って
sonrisa,笑顔
sencillo,簡単
atrapado,つかまった
aburrido,退屈
pocas,少し
pensaste,考え
dragón,ドラゴン
volví,私は、戻った
planta,工場
clima,天気
adoro,好き
suave,優しい
ruso,ロシア
rodillas,膝
marina,マリン
bolso,バッグ
alarma,警報
vivía,彼女は住んでいた
quédese,止まる
recompensa,褒美
juega,演奏する
cigarrillo,シガレット
autoridad,権限
amigas,友達
agujero,穴
acabe,終了
sacaste,あなたが手に入れた
orgullosa,誇り
entendí,私は理解し
dijera,教えて
sótano,地下
paredes,壁
guapa,かわいい
iría,行くだろう
imaginar,想像します
fiebre,熱
déjala,彼女から離れる
botón,ボタン
preguntarle,彼に尋ねる
leyendo,読む
darles,あげて
uniforme,ユニフォーム
dulces,甘い
vaso,ガラス
documentos,ドキュメント
ruego,I BEG
maneras,方法
invitados,ゲスト
cómodo,快適
ayudarnos,ヘルプ
visitar,訪問へ
vigilancia,監視
nadar,泳ぎます
altura,身長
todavia,まだ
preparados,準備
cuáles,どれの
mover,動く
jugador,プレーヤー
izquierdo,左
tecnología,テクノロジー
raza,人種
conocerlo,彼を知っています
conde,カウント
social,社交
gobernador,知事
coge,ピック
cubierta,カバー
chiste,ジョーク
celda,細胞
agarra,つかむ
secreta,秘密
personalmente,自ら
amistad,友情
amaba,彼が愛しました
nació,生まれました
interesado,興味がある
intentado,私は試した
educación,教育
curiosidad,好奇心
buscan,探している
repito,Iリピート
pecado,罪
mortal,人間
manda,マンダ
claramente,明らかに
vía,経由
juntas,一緒
identificación,ID
dirige,監督
declaración,声明
alemán,ドイツ人
tontos,愚か者
mantiene,維持
bestia,獣
veneno,毒
vecinos,隣人
supiera,知る
quieran,欲しいです
salgo,私が出て行く
propias,自分の
privada,プライベート
jurado,陪審
golpes,ヒット
usan,使用する
metas,ゴール
garganta,喉
invierno,冬
fila,行
miel,蜂蜜
traigan,持っていく
sucedido,起こりました
tranquilos,静かな
madera,木材
burro,ドンキー
artista,アーティスト
pobres,貧しい
impresión,プリント
ganó,勝った
cruzar,クロス
cigarrillos,タバコ
ó,また
llevarme,取る
grial,grial
chaqueta,ジャケット
alcalde,市長
vueltas,円形
usado,中古
reputación,評判
pongas,置く
oxígeno,空気
cajas,箱
preocupada,心配した
matan,殺す
empezando,起動
cabezas,頭
ponerme,自分を置きます
experto,エキスパート
océano,海洋
maestra,先生
pieza,部
cargos,課金
bombas,爆弾
alcohol,アルコール
trataba,彼がいた
salen,でる
pizza,ピザ
recibí,私が受け取りました
junta,協議会
criaturas,生き物
apareció,現れた
actitud,態度
gira,旅行
cristal,結晶
encuentran,見つかった
dejarte,離れる
caído,落ち
ultima,過去
sensación,感覚
seguido,続く
puro,ピュア
whisky,ウィスキー
vernos,私たちを参照してください
pantalla,画面
bebida,飲む
estudiar,勉強
ducha,シャワー
despedido,解雇
consiguió,NS
venía,来ました
pagan,支払い
discúlpame,私を許して
artículo,論文
aparentemente,どうやら
ambas,両方
trauma,トラウマ
pusieron,彼らは置く
fiestas,パーティー
contesta,答え
contenta,コンテンツ
ambiente,環境
prometí,約束した
llegando,到来
mostraré,見せてあげる
deba,したほうがいい
berlín,ベルリン
nerviosa,緊張
hallar,探す
dudas,疑問
llegan,到着
instrucciones,手順
baje,下
vinimos,私たちは来ました
ritmo,リズム
quédense,止まる
suponía,想定
pistas,トラック
palacio,城
encontraré,探す
venta,セール
urgente,急
tomamos,私たちは取る
salí,私は去った
cuerda,ストリング
vendría,NS
pasaba,通過
instante,インスタント
almas,魂
suficientes,足りる
secundaria,二次
saltar,ジャンプ
queria,欲しいです
quedarnos,止まる
molesto,動揺
colina,丘
porquería,泥
sienten,感じられる
pondrá,意思
terroristas,テロリスト
empecé,始めた
pongan,置く
moto,オートバイ
opinas,考える
habilidad,スキル
entren,入力
descubierto,発見した
convertido,変換された
asegúrate,承知しました
quedé,Iました
kilos,キロ
florida,フロリダ
tomará,かかる
sufrir,苦しむ
mental,メンタル
lograr,成し遂げる
instituto,研究所
serlo,Serlo
rapido,素早い
plato,皿
llorando,涙ながらに
vd,君
váyase,どこかに行って
sucediendo,ハプニング
robaron,彼らが奪わ
alemania,ドイツ
bolas,ボール
pasaría,NS
ocurra,発生する
ilegal,違法
fresco,いいね
falso,偽
abogados,弁護士
tómalo,それを取ります
mandó,私は送る
cuán,どうやって
cuales,どれの
botas,ブーツ
tiburones,サメ
grado,学年
deseas,あなたが欲しいです
archivos,記録
adivina,推測してみて
cruz,クロス
campaña,ベル
asustada,怖がった
centavos,セント
vivimos,私たちは生きている
galletas,ビスケット
frecuencia,周波数
daños,ダメージ
minas,鉱山
emociones,感情
dejará,出発する
regresó,戻る
ratas,ラット
pasión,情熱
hacerse,作られます
comportamiento,行動
pense,Iの考え
conocimiento,知識
sales,外出します
fiscal,年度
decisiones,決定
criminales,犯罪者
cámaras,カメラ
amanecer,夜明け
convirtió,彼は回った
aldea,村
abandonar,離れる
obvio,明らか
habíamos,我々は持っていた
apesta,臭い
abandonado,放棄された
volverás,あなたは戻ってくるでしょう
preocuparse,心配する
favorita,お気に入り
lanzamiento,発売
difíciles,難しい
vivido,鮮やか
roca,石
peces,魚類
maravilla,素晴らしい
espacial,スペース
conductor,運転者
camarada,同志
trabajado,気が高ぶって
caramba,Caramba
sopa,スープ
numero,番号
gritar,大声で叫ぶ
envía,送信します
casino,カジノ
alteza,ハイキング
identidad,身元
cambios,変更
guardar,保存する
gatos,猫
gané,私の勝ち
arresto,逮捕
éstas,それは
preguntó,私が尋ねます
éstos,これらは
probable,ありそう
seamos,私たちです
importaría,心へ
firmar,サイン
federal,連邦政府
caras,顔
trabajos,ジョブ
hagámoslo,やろう
expediente,手続き
tigre,虎
intentó,試す
harto,うんざり
decidir,決定する
periódicos,新聞
casarse,結婚する
lento,スロー
hecha,製
daba,彼がいた
ponerte,得る
pelotas,ボール
monstruos,モンスター
cruel,残酷
señoritas,ミス
gigante,巨人
siglos,何世紀
escalera,階段
incidente,インシデント
escenario,ステージ
dirás,あなたは言う
ciertas,特定
casar,結婚します
llamen,電話
biblia,聖書
reporte,報告
moda,ファッション
casada,結婚
reacción,反応
falla,失敗
castigo,罰
fácilmente,簡単に
caza,狩猟
magnífico,壮大
decidí,私は決めた
camina,ウォーキング
superficie,水面
procedimiento,処理する
condición,調子
asalto,暴行
virgen,処女
verle,見る
conocimos,MET
quitar,延期する
tratas,試す
noble,ノーブル
hierba,ハーブ
excelencia,優秀
asco,嫌悪
título,資格
regresaré,戻ってきます