fr,ja
je,私
de,の
est,あります
pas,ではありません
le,インクルード
vous,君は
la,インクルード
tu,君は
que,より
un,A
il,彼
et,そして
à,に
a,に
ne,生まれ
les,インクルード
ce,この
en,に
on,我々
ça,それ
une,A
ai,持ってる
pour,にとって
des,の
moi,私に
qui,WHO
nous,我々
y,そこ
mais,だが
me,私に
dans,に
du,の
bien,良い
elle,それ
si,もし
tout,すべて
plus,もっと
non,番号
mon,じぶんの
suis,午前
te,君は
au,に
avec,とともに
va,行きます
oui,はい
toi,君は
fait,製
ils,彼ら
as,エース
être,することが
faire,メイク
se,彼自身
comme,なので
était,ました
sur,承知しました
quoi,何
ici,ここに
sais,知っています
lui,彼を
veux,欲しいです
ma,じぶんの
là,インクルード
rien,何も
dit,前記
es,ES
où,若しくは
votre,君の
pourquoi,なぜ
sont,あります
cette,この
quand,いつ
par,使って
son,彼の
ton,君の
peux,できる
vais,に行きます
dire,いう
alors,そう
comment,どのように？「や」何
avez,持ってる
bon,上手
ou,若しくは
très,非常に
merci,ありがとうございました
ont,持ってる
même,さえ
jamais,決して
aussi,余りに
voir,見る
chose,事
allez,行き
tous,すべて
deux,そのうちの
ces,これら
faut,SHOULD
sa,彼女の
êtes,あります
été,夏
ta,君の
fais,行う
avoir,持つため
peut,できる
autre,他の
m,メートル
encore,再び
maintenant,今
peu,少し
mes,じぶんの
vraiment,本当に
temps,時間
notre,私達の
toujours,常に
vie,生活
sans,無し
juste,公正な
oh,ああ
avait,持っていました
accord,契約
vu,見て
monde,世界
quelque,いくつか
fois,時間
aller,トーゴ
trop,過度に
viens,来ます
crois,考えます
dieu,神
dois,持ってる
homme,おとこ
père,パパ
sûr,承知しました
aux,へ
leur,彼らの
avant,前
étais,ました
besoin,必要
femme,女子
aime,愛する
personne,だれも
avais,持っていました
chez,に
vrai,真
ans,年
mal,違う
ses,彼の
parler,話す
vos,君の
après,後に
mort,死
veut,欲求
eu,持っていました
sera,なります
bonne,良い
parce,沿って
mieux,よりよいです
petit,小さい
voilà,ここに
tes,君の
ca,それ
dis,伝えます
beaucoup,たくさん
depuis,から
doit,必見
vois,見る
mère,母
vas,行き
monsieur,紳士
quel,何
déjà,既に
fille,女の子
gens,人
donc,故に
jour,日
soir,イブニング
autres,他の
ii,II
toute,すべて
bonjour,こんにちは
ll,それ
maison,家
nom,苗字
argent,銀
nos,私達の
ouais,ええ
pense,思想
merde,うんこ
nuit,夜
papa,パパ
cela,それ
salut,こんにちは
cet,この
avons,持ってる
reste,残り
désolé,ごめんなさい
maman,ママ
peur,恐れ
arrive,来ます
seul,のみ
vite,早く
prendre,取る
regarde,見えました
air,空気
soit,あります
trois,三
quelle,何
passé,過去
savoir,知っています
plaît,お願いします
choses,物事
moins,もっと少なく
fils,息子
entre,の間に
bas,低いです
appelle,コール
passe,過去
ah,ヘクタール
tête,頭
demain,明日
grand,背が高いです
arrête,停止
faites,メイク
voulez,欲しいです
hé,ねえ
attends,つかまっている
hein,ハァッ
enfants,子供達
assez,足りる
raison,理由
aurais,でしょう
voulais,欲しいです
elles,彼ら
parle,話す
ok,はい
jours,日々
dû,の
moment,瞬間
heure,時間
puis,それから
gars,みんな
hommes,男性
amour,愛する
tard,遅く
toutes,すべて
sommes,あります
tuer,殺します
eh,えっ
ami,友人
connais,知っています
petite,小さい
aider,助けて
chance,幸運
savez,知っています
partir,行きます
sait,知っています
combien,いくら
voiture,車
tant,そう
pris,とら
part,行きます
problème,問題
prends,取る
porte,ドア
coup,脳卒中
serait,だろう
venir,来ます
hui,ホイ
famille,家族
travail,ジョブ
pu,たぶん......だろう
seule,一人で
sens,意味
ni,若しくは
allons,行こう
revoir,また会おう
idée,考え
putain,売春婦
passer,パス
contre,に対して
comprends,理解する
entendu,聞いた
trouvé,見つけます
trouver,見つけます
vieux,古い
vient,ただ
pendant,同時に
aurait,持っています
quelques,少数
attention,警告
demande,リクエスト
chercher,探す
sous,下
voici,ここは
pourrait,たぶん......だろう
sang,血液
pouvez,できる
sortir,外出する
question,質問
histoire,歴史
amis,友人
venez,来ます
frère,兄
rester,滞在
fini,完成
ville,市
nouveau,新着
truc,事
tiens,ここに
mois,月
eux,それら
mec,男
yeux,視線
laisse,綱
super,すごい
belle,綺麗な
longtemps,長い時間
police,警察
eau,水
heures,時間
car,なぜなら
importe,輸入
cas,場合
vont,意志
chaque,各
terre,地球
place,平方
tué,殺します
type,タイプ
main,手
pardon,ごめんなさい
ensemble,一緒
seulement,のみ
guerre,戦争
beau,綺麗な
vers,向かって
mme,夫人
prie,祈る
devant,の前に
trouve,見つけます
partie,部
suite,後に
compris,含みます
matin,朝
leurs,彼らの
aucun,番号
arrivé,来ます
dessus,上記
chérie,恋人
mettre,置く
aide,助けて
étaient,ました
ie,すなわち
perdu,失われました
fin,終わり
sois,されます
premier,最初
genre,種類
aimerais,したいと思う
droit,法律
donne,所与
attendez,待つ
jeune,若い
feu,火
devrais,SHOULD
enfant,子
chambre,ベッドルーム
gros,大
côté,側
venu,来ました
loin,遥か
laisser,てみましょう
donner,与える
jouer,遊びに
savais,知っていました
compte,アカウント
s,S
parlé,話す
minutes,分
regardez,外観
train,列車
première,最初
pouvoir,パワー
aura,持っています
mourir,死にます
dernière,最新
donné,所与
ia,IA
mari,夫
écoute,聴く
enfin,最後に
devrait,SHOULD
mis,置いた
film,映画
aucune,どれか
fort,強い
façon,仕方
pays,国
prêt,準備ができて
madame,夫人
femmes,女子
affaire,場合
pourrais,たぶん......だろう
espère,望む
parti,左
h,時間
boulot,ジョブ
endroit,法定上の
fou,クレージー
corps,体
hier,昨日
dont,その
désolée,ごめんなさい
grande,大きい
point,ポイント
cinq,五
dehors,外側
filles,女の子
cause,原因
vivre,住む
près,近く
pensais,思想
garçon,男の子
chef,チーフ
haut,高い
capitaine,キャプテン
dirait,言うでしょう
bébé,赤ちゃん
celui,それ
demandé,リクエスト
possible,可能
mains,手
ainsi,そう
quatre,四
nouvelle,新着
années,年
plein,いっぱい
semaine,週間
dites,いう
croire,信じます
marche,市場
tour,タワー
école,学校
manger,食べる
plutôt,かなり
docteur,医師
ceux,それら
vérité,真実
vue,見る
arrêter,やめる
essaie,試します
envie,慾望
bientôt,やがて
instant,瞬間
dernier,最新
affaires,ビジネス
arriver,着きます
demander,リクエスト
meilleur,よりよいです
font,メイク
derrière,後ろに
c,対
dollars,ドル
presque,ほとんど
dr,DR
tellement,そんなに
tomber,秋
journée,日
voulait,したかった
appeler,コール
bureau,オフィス
confiance,信頼
garde,保つ
attendre,期待します
numéro,数
serai,意志
dur,ハード
á,に
souviens,思い出します
o,O
voyez,見る
cours,クラス
bonsoir,こんばんは
route,道路
fera,意志
prend,取る
cul,尻
abord,機内で
important,重要
peine,トラブル
croyais,思想
mot,語
devez,必見
suffit,足りる
minute,分
ferme,閉まっている
ben,ベン
plaisir,喜び
chien,犬
jeu,ゲーム
seigneur,主
messieurs,諸君
calme,穏やか
voudrais,したい
heureux,ハッピー
prenez,取る
mariage,結婚式
voit,見ています
parents,親
lls,彼ら
dedans,に
entrer,入る
lit,ベッド
parfait,パーフェクト
fous,クレージー
mlle,MS
rentrer,リターン
ait,持っています
musique,音楽
arrêtez,停止
autant,できるだけ多く
service,サービス
reviens,戻ってくる
ceci,この
drôle,おもしろいです
attend,待機
parfois,時々
téléphone,電話
retour,リターン
ira,意志
e,E
pauvre,貧しいです
verre,ガラス
général,一般的な
new,新着
six,六
pensé,思想
l,リットル
impossible,不可能
fête,パーティー
adore,愛する
coeur,ハート
aimes,愛する
ci,この
ferai,意志
président,大統領
doute,疑問に思う
facile,イージー
entends,聞く
payer,支払う
appelé,呼ばれます
prison,刑務所
john,ジョン
sors,外に出なさい
café,コーヒー
vaut,価値
mauvais,悪い
chéri,ダーリン
oublié,忘れてください
bras,武器
i,私
gentil,種類
faute,欠陥
équipe,チーム
exactement,丁度
cœur,ハート
penser,考えます
changer,スイッチ
commence,開始
lieu,ロケーション
entendre,聞く
ies,IES
roi,キング
plan,予定
partout,いたるところ
joue,演奏する
cher,高価な
morts,デッド
rendre,リターン
écrit,書かれました
travailler,仕事へ
malade,病気
sinon,そうでない場合は
génial,驚くばかり
regarder,見る
veulent,欲しいです
montrer,ショーへ
rentre,戻り値
travaille,作業
armée,軍
voulu,希望
cherche,見ること
état,状態
boire,飲む
sécurité,セキュリティ
dès,から
esprit,マインド
année,年
dix,十
york,ニューヨーク
laissé,綱
bois,木材
mets,皿
propre,掃除
soyez,あります
jack,ジャック
essayer,試します
faisait,ました
tôt,早いです
surtout,大半
arme,武装しました
t,トン
rêve,夢
perdre,失う
avis,見る
semble,そうです
pire,最悪
simple,シンプル
penses,考えます
parles,トーク
paix,平和
livre,配信
dormir,寝るため
voyons,見る
difficile,難しいです
retard,ディレイ
allait,つもりだった
d,D
sujet,主題
appris,学びました
ensuite,それから
sauf,除きます
maître,主人
morte,死んだ女
noir,黒
or,ゴールド
dîner,夕食を持ちます
choix,選択
serais,でしょう
écoute,聴く
sale,汚れた
étiez,ました
sûrement,確かに
an,年
ordre,注文
souvent,しばしば
essayé,試してみました
peuvent,できる
visage,面
bout,終わり
changé,両替
sérieux,深刻
inquiète,心配
âge,年齢
photo,写真
rue,通り
tirer,シュート
comprendre,理解する
face,面
semaines,週間
marché,市場
questions,質問
honneur,名誉
ciel,空
allé,行きます
garder,保つ
chemin,道
grave,深刻
gauche,左
petits,小さい
courant,電流
amie,友人
nouvelles,新着
avion,飛行機
con,女性器
content,ハッピー
force,力
millions,百万
oublie,忘れてください
devoir,関税
prochaine,次
prix,価格
propos,約
bateau,ボート
bouge,動きます
voix,ボイス
rouge,赤
restez,滞在
celle,それ
pouvais,たぶん......だろう
personnes,人
ferais,でしょう
début,初め
espèce,種
gueule,口
acheter,購入
continue,続けてください
sort,運命
faim,飢え
long,長いです
j,J
voyage,旅行
message,メッセージ
sorte,種類
reçu,受け
bienvenue,ようこそ
idiot,馬鹿
certains,いくつか
hôpital,病院
promis,約束しました
devenir,なるために
ouvre,開きます
grâce,優美
sûre,安全
problèmes,問題
armes,武器
trucs,スタッフ
camp,キャンプ
allais,行き
occupe,忙しい
devait,ました
manque,欠如
connaissez,知っています
thé,お茶
avaient,持っていました
cheveux,ヘア
soleil,太陽
salle,ルーム
gagner,勝つために
laissez,休暇
erreur,間違い
cru,ビンテージ
pars,休暇
bizarre,不気味
croyez,信じます
sac,バッグ
hôtel,ホテル
oncle,おじさん
pièce,ルーム
pouvait,たぶん......だろう
fond,バックグラウンド
soirée,イブニング
secret,秘密の
patron,ボス
rapport,報告書
apprendre,学びます
commencé,開始
sauver,保存する
seconde,第2
pensez,考えます
allô,こんにちは
ailleurs,他の場所
agent,エージェント
froid,コールド
seras,なかれ
pied,足
jolie,かなり1
revenir,リターン
scène,シーン
pieds,足
n,ではありません
devons,必見
groupe,グループ
carte,メニュー
aurai,持ってる
effet,効果
neuf,新着
fallait,必要に応じて
monte,マウント
battre,ビート
noël,クリスマス
venue,到着
mots,言葉
tire,描かれました
droite,正しい
libre,自由
soeur,シスター
situation,状況
seront,意志
faux,偽
bordel,トルコ風呂
foutre,くそ
lumière,光
euh,ええと
incroyable,信じられません
tue,殺します
joli,可愛い
connaît,知っています
debout,常任
colonel,大佐
cheval,うま
écoutez,聴く
george,ジョージ
joe,ジョー
vieille,古い
entrez,お入りください
intérieur,内部
coin,コーナー
auras,取得する
gagné,勝った
fric,お金
loi,法律
absolument,全く
dame,レディ
cool,涼しい
magnifique,壮大
dos,バック
occuper,占めるように
présent,現在
retrouver,見つけます
réussi,成功
frank,フランク
rencontrer,会います
aviez,持っていました
meilleure,ベスト
âme,魂
prêts,ローン
doucement,ゆっくり
table,テーブル
lettre,文字
rappelle,思い出します
sam,土
fut,ました
risque,危険
ordres,受注
appel,コール
commencer,始めること
terminé,完成
agit,あります
blanc,白い
sœur,シスター
pareil,同じ
charlie,チャーリー
chaud,ホット
finir,仕上がり
touche,接する
avance,高度
ignore,わからない
meurtre,殺人
tranquille,静か
anniversaire,記念日
déjeuner,ランチ
disais,前記
bord,縁
tom,トム
jeunes,若者
accident,事故
parlez,話す
fasse,メイク
complètement,完全に
déteste,嫌わ
clair,晴れ
marcher,歩く
disait,前記
mauvaise,悪い
envoyé,送信
â,に
professeur,教授
heureuse,ハッピー
doivent,する必要がある
midi,正午
lire,読んだ
moyen,仕方
ferait,どうなります
commandant,司令官
vraie,リアル
sept,セブン
forme,形
tombe,墓
silence,沈黙
sortez,出て行け
connaître,知っています
puisse,できる
cadeau,贈り物
flics,警官
mer,海
médecin,医師
exact,精密
décidé,決定しました
moitié,ハーフ
surprise,驚き
avocat,弁護士
montre,見る
b,B
su,知っていました
porter,運ぶ
télé,テレビ
vivant,生活
jure,誓いました
disent,いう
mr,氏
serez,意志
devriez,SHOULD
devenu,なります
aimé,愛する
diable,悪魔
ligne,ライン
mission,ミッション
suppose,想定
chacun,各
autour,周りに
pote,メイト
grosse,大きい
expliquer,説明します
arrivée,到着
monter,上昇
balle,玉
selon,による
photos,ピクチャー
contrôle,コントロール
prête,準備ができて
anglais,英語
sorti,出た
k,K
bons,良い
disparu,消えていきました
tenir,ホールド
simplement,単に
quitter,休暇へ
envoie,送信
paul,ポール
aimer,お気に入り
voie,仕方
paris,パリ
classe,クラス
huit,8
offre,提供
poste,役職
dangereux,危険な
attaque,攻撃
impression,印象
folle,狂った女
michael,マイケル
mange,食べる
bravo,よくやった
arrière,バック
amérique,アメリカ
suivre,フォローします
aille,行きます
oublier,忘れる
peuple,人
baiser,接吻
rencontré,会います
honte,恥
connard,シットヘッド
trou,穴
retourner,リターン
chanson,歌
change,両替
arrêté,停止
enfer,地獄
écrire,書き込みへ
livres,図書
habitude,習慣
réponse,応答
david,ダビデ
lieutenant,中尉
savait,知っていました
radio,無線
tenez,ホールド
bande,包帯
bob,ボブ
rend,MAKES
compagnie,会社
connu,知られています
secours,助けて
danse,ダンス
met,プット
vol,フライト
vit,生活
conneries,うんこ
aurez,意志
imagine,構想
boîte,ボックス
joué,演奏する
triste,悲しい
sud,南
lu,読んだ
tel,電話
merveilleux,素晴らしい
pute,雌犬
aie,痛いです
ressemble,以下のように見えます
coucher,睡眠
ennuis,トラブル
volé,飛ぶ
sortie,出口
devais,持っていました
combat,戦い
bouche,口
certain,一定
visite,訪問
existe,が存在
bête,愚か
retourne,リターン
approche,アプローチ
pourtant,しかしながら
plusieurs,たくさんの
rire,笑う
but,ゴール
sergent,軍曹
public,公衆
système,システム
présente,現在
dirai,伝えます
faudra,意志
écouter,聴く
hors,除きます
exemple,例
vendre,売る
continuer,続ける
coups,ショット
pourra,意志
sympa,優しいです
nord,北
cuisine,調理
époque,時間
grands,すごい
héros,ヒーロー
étrange,奇妙
avenir,思い付きます
danger,危険
envoyer,送信するには
gouvernement,政府
danser,ダンス
lune,月
etre,することが
poser,ポーズへ
partez,休暇
normal,正常
peau,肌
santé,健康
ecoutez,聴く
ouvrir,開く
nez,鼻
secondes,秒
amoureux,恋人
dommage,哀れみ
pleine,いっぱい
mille,千
banque,バンク
voler,スチール
clé,キー
bonnes,良い
paraît,そうです
servir,機能します
journal,新聞
village,町
tient,保持しています
flic,警官
salaud,クソ野郎
juge,裁判官
tiré,描かれました
cour,裁判所
assis,座っ
bruit,ノイズ
terrible,ひどいです
prochain,次
inspecteur,インスペクター
liberté,自由
blague,冗談で
robe,ドレス
crime,犯罪
bière,ビール
tas,ヒープ
viennent,来ています
don,ドン
reine,女王
protéger,守ります
seuls,のみ
préfère,好む
bar,バー
dingue,クレージー
vent,風
pitié,哀れみ
croit,考えています
payé,支払いました
travers,使って
club,クラブ
garçons,少年たち
conseil,助言
mesdames,女性
sol,接地
bonheur,幸福
rêves,夢
centre,センター
thé,お茶
mêmes,同じ
avions,持っていました
mike,マイク
nulle,何も
stupide,愚か
pouvons,できる
vin,ワイン
tante,叔母
sent,フィール
fiche,プラグ
milieu,中間
signe,符号
unis,ユナイテッド
appelez,コール
départ,出発
inutile,役に立ちません
emmener,持って来ます
comprenez,理解する
liste,リスト
gamin,キッド
johnny,ジョニー
hey,ちょっと
prise,撮影
savent,知っています
différent,異なります
verra,意志
probablement,恐らく
intérêt,関心
choisi,選択
parole,スピーチ
ennemi,敵
vêtements,衣類
aimez,お気に入り
recherche,研究
société,社会
faisais,やっ
peter,おならへ
œil,眼
soin,お手入れ
chère,親愛な
tourne,投入
ià,IA
descendre,降りる
félicitations,おめでとう
pose,ポーズ
position,ポジション
oeil,眼
vouloir,をしたい
mecs,みんな
irai,行きます
spectacle,公演
acheté,購入した
laquelle,これ
rôle,役割
intéresse,興味がある
utiliser,使用する
match,一致
devient,となり
quitté,が終了します
asseoir,シット
environ,約
plait,お願いします
mur,壁
blessé,負傷者
mise,セッティング
harry,ハリー
you,君は
beauté,美しさ
salope,ふしだらな女
parie,ベット
sert,サーブ
soldats,兵隊
films,映画
américain,アメリカン
marier,結婚します
entrée,エントランス
soldat,兵士
ouvert,開いた
sauter,ジャンプ
londres,ロンドン
eiie,eiie
lequel,これ
lâche,緩いです
église,教会
pierre,ピエール
art,アート
fenêtre,窓
humain,人間
tort,違う
cerveau,脳
coupable,有罪の
petites,小さい
promets,約束する
adresse,住所
prince,王子
quartier,地区
espoir,望む
conduire,ドライブ
auriez,でしょう
ridicule,ばかげました
justice,正義
rose,ピンク
venus,金星
max,最大
jimmy,ジミー
presse,急ぎます
adieu,別れ
revient,戻ってくる
expérience,経験
présenter,現在
tombé,墓
faisons,行う
épouser,結婚します
frères,ブラザーズ
veuillez,お願いします
revenu,戻ってきた
colère,怒り
bill,ビル
vis,スクリュー
james,ジェームス
pourriez,かもしれません
jim,ジム
intéressant,面白い
ouvrez,開いた
nature,自然
gosse,キッド
taxi,タクシー
fier,誇りに思う
preuve,証明
riche,リッチ
faudrait,SHOULD
base,ベース
fleurs,フラワーズ
vide,空の
portes,ドア
mademoiselle,お嬢
formidable,素晴らしい
nul,番号
directeur,ディレクター
chanter,歌う
contact,連絡先
histoires,ストーリー
marié,既婚
défense,防衛
répondre,応答
excuse,言い訳
responsable,責任者
deuxième,第2
mary,メアリー
san,さん
appartement,アパート
décision,決定
cinéma,シネマ
jeter,スロー
aimais,気に入りました
cacher,隠す
glace,アイスクリーム
occasion,機会
dents,歯牙
vacances,休暇
course,人種
ravi,喜んで
tueur,キラー
sentir,感じます
courage,勇気
jésus,イエス
allée,私道
capable,できます
essayez,試します
sauvé,安全
longue,長いです
parmi,間で
continuez,続ける
paie,支払う
superbe,見事
français,フランス語
souvenir,メモリ
ouest,どこにあります
dégage,リリース
jambes,下肢
coupe,切り落とさ
immédiatement,一度に
machine,機械
épouse,妻
telle,そのような
marie,既婚
mien,私の
pius,ピウス
certainement,もちろん
bombe,爆弾
types,タイプ
p,P
né,生まれ
manière,仕方
gagne,勝利
prévu,計画
chier,ダンプを取ります
trouves,ました
u,U
idées,考え
touché,接する
rendu,製
monstre,モンスター
km,キロ
retrouve,発見
ha,ハ
f,F
importance,重要性
joie,喜び
dérange,みだれ
arrivent,着きます
court,ショート
pont,ブリッジ
foutu,クソ
bain,浴
oubliez,忘れる
tourner,順番
contente,コンテンツ
attendais,期待
cent,百
enchanté,はじめまして
signifie,手段
américains,我ら
iis,IIS
quitte,が終了します
poisson,魚
henry,ヘンリー
ayez,持ってる
terrain,接地
enquête,調査
horrible,恐ろしい
chat,ネコ
certaines,いくつか
r,R
camion,トラック
copine,ガールフレンド
joyeux,ハッピー
shérif,シェリフ
ramener,連れ戻します
descends,ダウン
éviter,避けるために
projet,事業
and,そして
dossier,フォルダ
respect,尊敬
excellent,優れた
envers,向かって
mariée,既婚
occupé,忙しい
lorsque,いつ
blanche,白い
majesté,尊厳
rencontre,会います
toucher,触る
ange,天使
refuse,ごみ
charge,充電
billy,ビリー
chevaux,馬
v,V
chiens,犬
empêcher,避ける
dure,タフ
zone,ゾーン型
faits,事実
animaux,動物
meilleurs,ベスト
plupart,大半
emmène,とり
étions,ました
politique,政治
chaussures,靴
langue,言語
mangé,食べる
douleur,痛み
planète,惑星
offrir,プランへ
règles,ルール
drogue,薬
réalité,現実
bus,バス
enfoiré,くそったれ
dirais,いう
permis,許可
vécu,住んでいました
chapeau,帽子
île,島
réunion,会議
soient,あります
contraire,逆の
tony,トニー
mettez,置きます
nick,ニック
arrivera,到達します
excuser,言い訳
code,コード化されました
couleur,色
rapide,速いです
raconte,再集計
papier,論文
discuter,議論する
opération,手術
cartes,カード
nourriture,食物
entier,いっぱい
nécessaire,必要
frais,新鮮な
toilettes,バスルーム
spécial,特別
vaisseau,容器
action,アクション
princesse,王女
magasin,ショップ
copain,彼氏
sache,知っています
bu,飲みました
steve,スティーブ
découvert,発見
pain,パン
mignon,可愛い
taille,切る
sacré,神聖
rends,感謝
eddie,エディ
double,ダブル
viendra,来る
imbécile,低能者
essaye,試します
champ,フィールド
personnel,スタッフ
client,お客様
lait,ミルク
contrat,契約する
partis,ゴーン
sexe,性別
mienne,私の
repas,お食事
mémoire,メモリ
destin,運命
direction,方向
dors,睡眠
faite,行われ
pleurer,泣く
couteau,ナイフ
malin,悪性の
remettre,リセット
ray,レイ
témoin,証人
restes,遺体
mètres,メートル
trésor,宝
gosses,子供たち
aiment,お気に入り
washington,ワシントン
habite,生活
foi,信仰
puisque,から
apporté,持ってきた
solution,解決
trouvez,見つけます
nouveaux,新着
réfléchir,反射する
choisir,選択します
goût,味
remercie,感謝
détruire,破壊
université,大学
doux,柔らかい
beaux,綺麗な
raconter,伝えます
vitesse,速度
menti,嘘をつきました
três,非常に
procès,トライアル
enceinte,妊娠しています
amuser,楽しませます
niveau,レベル
vus,見て
miss,お嬢
fermer,近くに
arranger,アレンジ
end,終わり
clients,クライアント
rappeler,折り返し電話
Alex,アレックス
failli,破産
arbre,木
papiers,論文
Sarah,サラ
mérite,値します
différence,差
travaillé,作業
disons,いう
bleu,青
dise,伝えます
aimait,愛し
appelles,コール
espace,スペース
caméra,カメラ
censé,なっ
qu,それ
piste,追跡
sourire,スマイル
courir,ラン
accepter,受け入れます
retrouvé,ました
charles,チャールズ
jambe,脚
angleterre,イングランド
quels,何
préparer,準備する
marre,うんざり
forces,強み
tirez,引く
énorme,巨大な
Danny,ダニー
trés,非常に
invité,ゲスト
rentré,戻り値
officier,役員
pièces,部屋
lettres,手紙
file,ファイル
programme,プログラム
tommy,トミー
arrêt,停止
fout,FOUT
balles,弾丸
flingue,GAT
chasse,ハント
regrette,ごめんなさい
to,に
propres,自分の
victime,犠牲者
appartient,所属
france,フランス
unique,ユニーク
régler,調節します
moindre,小さいです
compter,カウント
voitures,車
énergie,エネルギー
fil,ワイヤー
lycée,高校
crise,危機
stop,停止
image,画像
vérifier,小切手
dimanche,日曜日
appareil,装置
justement,丁度
richard,リチャード
noms,名
million,百万
cassé,壊れた
enlever,離陸する
clés,キーワード
noire,黒
man,おとこ
dépend,依存
derniers,最終
doigts,指
réponds,回答
honnête,正直な
prouver,証明する
preuves,証拠
durant,間に
souris,マウス
entendez,聞く
lever,レイズ
oiseau,鳥
belles,綺麗な
oû,若しくは
apporte,もたらします
grandes,すごい
morceau,ピース
bobby,ボビー
bougez,動き
amène,持って来ます
interdit,禁止されている
présence,プレゼンス
récupérer,回復します
quelles,何
manqué,欠如
cou,首
venait,持っていました
étage,床
regard,外観
bouger,動き
finalement,最後に
couper,切る
urgence,緊急
perds,失う
points,点数
meurt,ダイス
partons,休暇
troisième,第三
savons,知っています
folie,狂気
ancien,前者
chante,歌わ
obtenir,取得する
répète,もう一回言って
toit,ルーフ
humains,人間
robert,ロバート
jardin,庭園
métier,ジョブ
poche,ポーチド
méchant,平均
paradis,パラダイス
proche,閉じる
rejoindre,再結合
lors,それから
nombre,数
crains,恐れ
règle,ルール
frapper,ヒット
intention,意図
succès,成功
forte,強い
gentille,種類
campagne,田舎
raisons,理由
malgré,にもかかわらず
alcool,アルコール
regardé,見えました
jerry,ジェリー
billets,切符売場
fantastique,ファンタスティック
lee,風下
théâtre,劇場
vôtre,君の
samedi,土曜日
pluie,雨
fermé,閉まっている
relation,関係
frappé,ヒット
restaurant,飲食店
douce,新鮮な
maladie,疾患
parlait,話し中
raté,逃しました
casse,壊れた
dessous,未満
pourrai,たぶん......だろう
victoire,勝利
voudrait,でしょう
remarqué,注意
assurer,確保
pleure,泣く
bouteille,ボトル
gare,駅
carrière,キャリア
sentiments,思い
suivi,モニタリング
vies,生活
fiston,息子
vendu,販売
attendant,その間に
pourras,できます
amoureuse,恋愛中
mens,男性用
falloir,する必要がある
chinois,中国の
étranger,外国の
appelait,呼ばれます
assure,分確保
étant,であること
queue,尾
odeur,臭い
enlève,削除し
produit,製品
meurs,死にます
secrets,秘密
pression,圧力
fatigué,疲れました
aies,HAST
plage,ビーチ
okay,はい
animal,動物
frappe,ヒット
montagne,山
coffre,胸
passage,通路
suivant,以下
signal,信号
discours,スピーチ
cents,セント
claire,クレア
g,グラム
rivière,川
costume,スーツ
prendra,とる
souhaite,願い
hasard,危険
journaux,新聞
aveugle,盲検
lis,リリー
demandez,頼みます
retraite,退職
afin,に
vendredi,金曜日
van,バン
auraient,でしょう
obligé,強制
major,スタッフ
neige,雪
remercier,感謝
fusil,マスケット銃
gardes,警備員
faible,低いです
pauvres,貧しいです
noirs,黒
gâteau,ケーキ
cesse,絶えず
parfaitement,完全に
excuses,謝罪
viande,肉
ministre,牧師
univers,宇宙
vienne,ウィーン
utile,有用
demandais,尋ね
crétin,脳たりん
gaffe,失策
cache,隠されました
disant,格言
décider,決めます
dort,スリープ
gaz,ガス
blancs,白人
connaissance,知識
vouliez,欲しいです
jake,ジェイク
vidéo,ビデオ
bataille,戦い
vive,ビバ
anna,アンナ
martin,マーティン
iui,IUI
os,骨
entend,聞こえ
jeux,ゲーム
will,意志
verras,見る
date,日付
échapper,逃れる
naissance,誕生
droits,権利
assassin,暗殺者
attendu,予想
montez,マウント
nouvel,新着
pensent,考えます
génie,天才
sérieusement,ひどく
cible,目標
prépare,作ります
agir,行為へ
militaire,軍事的
futur,未来
attraper,捕まえる
bal,玉
europe,ヨーロッパ
californie,カリフォルニア
donnez,与える
cousin,いとこ
vert,緑
poids,重量
volonté,意志
ventre,腹
accepte,容認されました
amené,持って来ます
recevoir,受信します
inquiétez,心配
perd,失います
autrement,他の
informations,ニュース
titre,題名
célèbre,人気のあります
couple,カップル
sexy,セクシー
serons,意志
certaine,いくつか
parlons,LETの話
star,星
étoiles,出演者
rome,ローマ
los,骨
répondu,答え
resté,残り
charmant,魅力的な
puissant,強いです
zéro,ゼロ
genoux,膝
mine,私の
couilles,ボール
pilote,パイロット
maria,マリア
style,スタイル
ramène,思い出させます
voulons,をしたい
embrasser,キスをする
amener,鉛
valeur,値
fortune,幸運
reprendre,履歴書
revenez,リターン
vieil,古い
walter,ウォルター
servi,務め
arrivés,到着した
lève,調査
voleur,泥棒
côtés,両側
chris,クリス
note,注意
préféré,好む
couché,層
milliers,数千
aéroport,空港
prévenir,防ぐ
château,城
apparemment,明らかに
gardez,保つ
privé,民間
détails,細部
larry,ラリー
direct,直接
reposer,残り
commande,順序付けられました
cherchez,見ること
fer,鉄
conduit,パイプ
conscience,意識
oreilles,耳
conversation,会話
regardes,外観
joues,演奏する
ennemis,敵
attendent,待つ
article,論文
dieux,神々
talent,才能
aise,イージー
poulet,チキン
passée,過去
comprend,備えます
gorge,喉
feras,なかれ
tribunal,裁判所
découvrir,発見する
agréable,楽しいです
jette,スロー
test,テスト
emmerde,面倒
détruit,破壊
nerveux,ナーバス
saint,聖なる
marrant,おもしろいです
joindre,加わります
sentiment,感じ
lance,槍
humaine,人間
acte,行為
jane,ジェーン
pis,乳房
enculé,下劣な男
tuée,殺されました
saura,わかるでしょう
doigt,指
pourrez,できる
passera,通過します
horreur,ホラー
comptes,アカウント
dernières,最新
violence,暴力
fumer,タバコを吸う
invités,ゲスト
parlais,話し中
job,ジョブ
salon,リビングルーム
défendre,守る
mariés,既婚
rock,岩
apporter,持ってくる
coupé,切り落とさ
repos,残り
paquet,パッケージ
page,ページ
utilise,用途
victimes,犠牲者
sage,賢い
aidé,助けて
intelligent,賢いです
ombre,影
vache,牛
désert,砂漠
forêt,森林
parfaite,パーフェクト
tombée,秋
extérieur,外側
entré,の間に
série,シリーズ
concerne,心配している
paroles,歌詞
dira,伝えます
it,それ
champion,チャンピオン
fbi,FBI
lundi,月曜
moteur,エンジン
ouverte,開かれました
mince,薄い
al,アル
russe,ロシア
grandi,大人
rappelles,思い出します
dormi,眠っていました
ordinateur,コンピューター
in,に
angeles,ロサンゼルス
accepté,容認されました
désormais,今後
acteur,俳優
membres,メンバー
trouvée,ました
pete,ピート
surpris,驚きました
miracle,奇跡
vole,飛ぶ
manquer,不足へ
franchement,端的
apprécie,感謝する
cigarette,シガレット
chemise,シャツ
mark,マーク
tente,未遂
faisant,作成
billet,チケット
reculez,あとずさりする
moyens,手段
importante,重要
unité,単位
champagne,シャンパン
pensait,思想
www,WWW
partager,シェア
smith,スミス
minuit,真夜中
américaine,アメリカン
courses,レーシング
puissance,パワー
william,ウィリアム
nombreux,数々
réparer,修正へ
caché,隠されました
haute,高い
sommeil,睡眠
essence,ガソリン
riches,リッチ
lac,湖
maire,市長
mode,ファッション
vingt,二十
reviendra,戻ってくるだろう
pousse,シュート
amusant,面白い
passez,スキップ
services,サービス
doc,ドキュメント
rues,街
of,の
risques,リスク
émission,プログラム
leçon,レッスン
annonce,広告
plans,予定
usine,工場
louis,ルイ
imaginer,想像します
chauffeur,運転者
marque,マーク
parc,パーク
épée,剣
fesses,臀部
échange,両替
souvenirs,思い出
créer,作ります
senti,フェルト
signer,符号
artiste,アーティスト
jeté,スロー
réveiller,ウェイク
hiver,冬
également,さらに
hum,ハム
souffle,呼吸
vrais,リアル
arbres,木
saute,飛び上がっ
fuir,逃げる
meme,さえ
battu,打たれました
permission,許可
casser,ブレーク
chicago,シカゴ
allemands,ドイツ人
utilisé,使用中で
mentir,横たわる
souci,心配
é,エド
coûte,費用
paye,支払いました
tres,非常に
offert,自由
sir,お客様
no,番号。
chair,肉
caisse,チェックアウト
supplie,拝み倒します
dégagez,アンタップ
raconté,話しました
andy,アンディ
lunettes,眼鏡
chouette,梟
menteur,うそつき
trouvera,見つけます
semblant,公演
ignorais,無知の
perdue,失われました
whisky,ウィスキー
rentrez,戻ってくる
premiers,最初
pantalon,ズボン
menace,脅威
racontes,語り
douche,シャワー
oiseaux,鳥類
finie,完成
auront,意志
débarrasser,取り除く
membre,メンバー
perte,損失
verrez,見る
front,額
lèvres,唇
mai,五月
fac,ユニ
allo,こんにちは
connaissais,知っていました
gouverneur,知事
monnaie,変化する
chou,キャベツ
achète,購入した
thomas,トーマス
secrétaire,秘書
montré,示します
jones,ジョーンズ
écris,書く
parlent,トーク
chaise,椅子
herbe,草
créé,作成した
manteau,コート
chocolat,チョコレート
pause,休止
côte,海岸
abandonner,放棄します
policier,警察官
patient,患者
dave,デイブ
études,研究
ballon,玉
mène,リード
respire,息をします
mouvement,移動
suicide,自殺
japonais,日本語
accès,アクセス
tienne,あなたのもの
laisserai,休暇
poupée,人形
innocent,無実の
allés,ゴーン
identité,身元
véritable,真
simon,サイモン
devenue,なります
totalement,全く
piège,トラップ
gloire,栄光
pourraient,たぶん......だろう
abri,シェルター
explique,説明します
rapidement,早く
fonctionne,ワークス
boy,男の子
foule,群集
pensées,感想
maisons,家
fantôme,幽霊
source,ソース
lancer,打ち上げ
suit,次の
changement,変化する
choc,ショック
veste,ジャケット
attaquer,攻撃
faveur,好意
oreille,聞く
touchez,接する
malheureusement,不運にも
soudain,突然
tués,あなたは、
bref,要するに
malheur,不幸
portable,ポータブル
chaleur,熱
mensonge,横たわる
répondez,回答
heureusement,幸運なことに
emploi,雇用
lois,法制
nettoyer,掃除
attrape,キャッチ
geste,ジェスチャー
verrai,見る
notes,ノート
plat,皿
etait,ました
corde,ロープ
sacrée,神聖
cherches,見ること
siècle,世紀
etat,状態
distance,距離
refusé,ごみ
mars,行進
saison,シーズン
bel,綺麗な
monté,マウント
idiote,馬鹿
recherches,研究
alerte,警報
ennuie,退屈
christ,キリスト
remonte,トレースされたバック
plaisante,冗談
city,市
bat,ビート
images,画像
voulaient,欲しいです
titres,有価証券
alice,アリス
couverture,毛布
moments,時間
big,大きい
mesure,測定
atteindre,リーチ
singe,モンキー
pistolet,銃
frontière,境界
réel,リアル
réfléchi,反射的
somme,和
agents,エージェント
ours,くま
prisonniers,捕虜
évidemment,明らかに
afrique,アフリカ
allemand,ドイツ人
dan,ダン
couche,層
relations,関係
texas,テキサス
delà,の
celles,それら
navire,輸送する
deviens,なります
bite,コック
laisses,リーシュ
dirige,監督
partenaire,相棒
aube,夜明け
demi,ハーフ
affreux,恐ろしい
camarade,同志
street,通り
inquiéter,心配
tableau,ボード
fatiguée,疲れました
entreprise,ビジネス
demandes,リクエスト
nana,女の子
re,再
coincé,スタックアップ
tenu,希薄な
viré,解雇
suspect,容疑者
reconnais,認めます
ressens,感じます
juif,ユダヤ人の
directement,直接
mexique,メキシコ
cherché,求め
marine,マリン
prisonnier,囚人
finit,終了
howard,ハワード
étoile,星
jean,ジーンズ
convaincre,納得させる
filer,スピン
kevin,ケビン
bosse,バンプ
pousser,押す
protection,保護
signé,符号
crier,エール
rêvé,夢
respirer,息をします
propriétaire,オーナー
prêtre,祭司
donnes,与える
taire,アップ静けさします
permettre,許可証に
prudent,注意深いです
carl,カール
commis,店員
chaîne,鎖
copains,友人
sec,ドライ
cauchemar,悪夢
laver,ウォッシュ
hollywood,ハリウッド
jeff,ジェフ
réfléchis,考え深いです
trompe,だまさ
hais,嫌い
immeuble,建物
supporter,サポート
soi,自己
bagages,荷物
tir,シュート
traverser,横切ること
commissaire,コミッショナー
mac,マック
donnerai,与える
reviendrai,リターン
larmes,涙
déranger,気にします
Arthur,アーサー
pigé,cottoned
réserve,予備
adam,アダム
volant,飛行
uniforme,ユニフォーム
st,ST
croient,信じます
différents,異なります
souffrir,苦しみます
maudit,くそー
valise,スーツケース
prendrai,取る
assurance,保険
abandonné,捨てられました
dames,女性
lendemain,翌日
navré,がっくり
prennent,取る
sénateur,上院議員
roule,ロール
montagnes,山岳
lapin,ウサギ
juifs,ユダヤ人の
amuse,おもしろがりました
espérais,望みました
fleur,花
merveilleuse,素晴らしい
tournée,旅行
scott,スコット
information,情報
foyer,家
tourné,投入
personnage,キャラクター
permettez,許します
amitié,友情
hâte,速攻
opinion,意見
curieux,奇妙な
concert,コンサート
enfance,子供時代
extraordinaire,素晴らしいです
davantage,もっと
saviez,知っていました
chargé,充電
porc,豚肉
recommence,再開する
chèque,小切手
piano,ピアノ
jouez,演奏する
océan,海洋
ayant,ました
go,行きます
pattes,足
ravie,感激
trace,痕跡
réveillé,目を覚ます
miles,マイル
soupe,スープ
sucre,シュガー
écoutes,劇
vierge,バージン
mauvaises,悪い
objet,オブジェクト
adorable,愛らしいです
chine,中国
sonne,音
envoyez,送信
réputation,評判
kate,ケイト
sport,スポーツ
brave,勇者
lieux,場所
brûle,火傷
russes,ロシア
murs,壁
second,第2
etes,「再
facilement,簡単に
troupes,軍
titrage,滴定
canon,銃
bague,リング
bâtiment,建物
seraient,でしょう
cellule,細胞
Susan,スーザン
survivre,生き残るために
trouverai,見つけます
printemps,春
voisins,隣人
nuits,ナイツ
chances,オッズ
contrôler,コントロール
compliqué,複雑
voyais,見る
retirer,削除する
ancienne,古代
théorie,理論
avancez,前進
studio,スタジオ
exploser,爆発します
explosion,爆発
fiancée,婚約者
évident,明らか
gardé,保つ
accusé,被告
Annie,アニー
témoins,目撃者
désir,慾望
humanité,人類
amen,アーメン
magie,マジック
restera,滞在します
palais,宮殿
cirque,サーカス
cinglé,クレージー
conduis,鉛
sales,汚れた
traces,足音
station,駅
construire,ビルドに
joey,ジョーイ
siège,シート
Kelly,ケリー
semblait,登場
vivants,生活
voient,見る
représente,代表
sombre,闇
lourd,ヘビー
lá,インクルード
familles,家族
égal,等しい
surveille,モニター
terme,期間
gêne,不快な
poule,編
pére,パパ
devraient,SHOULD
soif,渇き
haine,憎しみ
Rachel,レイチェル
Jason,ジェイソン
surveiller,モニター
ted,テッド
marin,マリン
procureur,検察
traité,条約
vivent,住む
chansons,曲
souvenez,思い出します
entière,コンプリート
résultat,結果
préparé,作ります
top,上
enchantée,始めまして
gardien,保護者
traite,条約
avancer,前進
commun,一般
pêche,桃
tien,あなたのもの
posé,レイド
libérer,解除
gamins,子供たち
taule,刑務所
retournez,リターン
médicaments,医薬品
matériel,装置
crâne,頭蓋骨
région,領域
débile,愚か
science,理科
délicieux,おいしい
privée,民間
créature,生物
ho,ホ
ed,エド
king,キング
liquide,液体
réglé,ルール
gay,ゲイ
apprend,学びます
quant,約
péché,桃
répéter,繰り返す
auprès,近所の
tâche,仕事
devine,推測
mener,鉛
vente,セール
plu,雨が降りました
joueur,プレーヤー
modèle,モデル
aurons,意志
up,アップ
mensonges,嘘
fermez,閉じる
traiter,御馳走
secteur,セクタ
soyons,てみましょう
barre,閉鎖
appelée,呼ばれます
projets,プロジェクト
roman,小説
veille,イブ
étudier,勉強する
tenue,服
physique,物理的
passait,行き
concours,コンテスト
jaune,黄
inconnu,わからない
victor,ビクター
vision,ビジョン
black,黒
lentement,ゆっくり
surface,範囲
dick,ペニス
com,コム
matt,マット
kilomètres,キロメートル
baise,くそ
x,バツ
sers,サーブ
abandonne,捨てられました
vivante,生きています
spéciale,特別
prof,先生
poissons,魚座
bosser,作業
cherchais,見ること
my,じぶんの
empire,帝国
cigarettes,タバコ
amies,友人
aventure,冒険
responsabilité,責任
sauve,安全
devrions,SHOULD
lucy,ルーシー
atteint,達成
infirmière,ナース
humeur,気分
descendez,ダウン
résultats,結果
tenté,未遂
baisse,落とす
mn,MN
rare,レア
empreintes,指紋
proches,親族
sauvage,野生
virer,火
fumée,煙
lisa,リサ
engagé,従事して
romantique,ロマンチック
cloche,ベル
brian,ブライアン
magique,マジック
chers,親愛な
comité,委員会
choisis,選択
voila,ここは
jaloux,嫉妬
divorce,離婚
lord,主
données,データ
détective,探偵
rouges,赤
fred,フレッド
ambulance,救急車
rentrée,リターン
port,港
anne,アン
roy,ロイ
cochon,豚
enfuir,逃れる
devra,意志
francisco,サンフランシスコ
ménage,家事
roger,了解
particulier,特定の
journaliste,ジャーナリスト
croix,クロス
pareille,お気に入り
royaume,王国
disparaître,姿を消す
jus,ジュース
comte,郡
sainte,聖なる
soucis,苦労
allemagne,ドイツ
patience,根気
fallu,取った
net,ネット
suivez,従います
panique,パニック
q,Q
morceaux,部品
construit,構築されました
crédit,クレジット
rater,お嬢
normale,パー
attendait,予想
bye,バイ
fromage,チーズ
embrasse,擁する
complet,いっぱい
bouffe,食物
boutique,ショップ
seriez,でしょう
recommencer,再起動
scénario,シナリオ
jeudi,木曜日
endroits,場所
brûler,燃やす
nommé,任命
mardi,火曜日
hall,ロビー
réalisé,実現
terry,テリー
passion,情熱
enlevé,削除
profond,深い
télévision,テレビ
abruti,愚か者
réussir,成功します
répond,回答
red,赤
emmené,ドリブン
cadeaux,贈り物
remonter,乗り付けます
accompagner,同行します
johnson,ジョンソン
différente,異なります
tromper,欺く
pot,ポット
lien,リンク
serpent,ヘビ
imaginez,想像します
excusez,言い訳
trompé,だまさ
cadavre,死体
bouton,ボタン
cancer,癌
descend,ダウン
centaines,何百
poussière,ほこり
piscine,スイミングプール
entraînement,トレーニング
terminée,完成
tapis,カーペット
esprits,心
phil,フィル
inviter,招待する
œuvre,芸術作品
imagination,想像力
chut,静けさ
park,パーク
existence,存在
empereur,天皇
décide,決定しました
eric,エリック
ascenseur,エレベーター
criminel,犯罪者
révolution,革命
principal,メイン
terres,土地
charmante,美しい
promesse,約束する
période,限目
craint,恐怖
croyait,思想
courrier,郵便物
récemment,最近
écran,画面
anciens,古い
cris,叫び
passes,パス
combattre,戦闘
réveille,目を覚ます
feront,意志
élevé,学生
têtes,頭
souffre,苦しみます
quiconque,誰でも
malheureux,不運な
césar,シーザー
arrives,到着した
empêche,停止
brisé,壊れた
garage,ガレージ
russie,ロシア
Jackson,ジャクソン
bêtes,獣
tenter,試します
excellente,優れた
passent,費やす
ferez,意志
pub,パブ
logique,論理
version,バージョン
permet,ことができます
parte,PARTE
temple,寺院
section,セクション
rythme,ペース
propriété,プロパティ
étrangers,外国の
finis,完成
erreurs,エラー
feriez,でしょう
propose,提供
examen,試験
nation,国家
approchez,近づきます
différentes,異なります
traduction,翻訳
reconnu,認識
cap,ケープ
meurtres,殺人
courageux,勇気のある
profiter,楽しい
juré,誓いました
miel,はちみつ
poil,ヘア
rapports,レポート
chic,シック
fonds,資金
aimerait,でしょう
sable,砂
lutte,戦い
fière,誇りに思う
is,あります
japon,日本
douze,12
labo,ラボ
ya,前
agence,代理店
cependant,しかしながら
indiens,インディアン
donnera,あげる
restent,残ります
ceinture,ベルト
seins,懐
étonnant,驚くべき
uns,各
nourrir,フィード
inventé,考案
sérieuse,深刻
ment,嘘をついています
pratique,便利
invite,招待
potes,友人
meurtrier,殺人者
vegas,ラスベガス
idéal,理想的
maîtresse,愛人
central,セントラル
fume,煙
équipage,クルー
brillant,明るい
trouvent,見つけます
crie,アウト呼び出します
laura,ローラ
commission,手数料
nager,泳ぐ
boit,飲酒
bombes,爆弾
figure,フィギュア
revolver,リボルバー
crème,クリーム
rat,ラット
tempête,嵐
refaire,作り直します
née,生まれ
supporte,サポート
crever,死にます
conduite,行動
lci,LCI
brown,褐色
pure,掃除
traitement,処理
porté,ドア
voyait,鋸
cabine,キャビン
fuite,フライト
nationale,国民
estomac,胃
machines,機械
julie,ジュリー
couloir,廊下
emily,エミリー
ouah,ワオ
bijoux,宝石
lâcher,解除
acteurs,キャスト
sentez,感じ
couleurs,色
naturel,ナチュラル
travaillait,仕事をしていました
Wilson,ウィルソン
incendie,火
camarades,同志
chute,秋
accompagne,同行
passés,過去
médecins,医師
revenue,戻ってきた
peinture,ペインティング
reconnaître,認めます
dollar,ドル
coupez,切る
prénom,ファーストネーム
puce,チップ
pur,ピュア
prier,祈る
actions,株式
voisin,隣人
officiers,役員
prévenu,警告
chaude,ホット
bains,風呂
démon,悪魔
pierres,結石
miroir,鏡
forcément,必ずしも
lumières,ライト
actrice,女優
jouait,演奏
vérifie,確認
comportement,動作
avoue,告白
aient,持ってる
buvez,ドリンク
calmer,穏やか
amy,エイミー
technique,テクニカル
nôtres,私たちのもの
obtenu,GOT
autrefois,昔の
parlera,に話す
Ryan,ライアン
boss,ボス
parier,賭け事をします
correct,正しい
septembre,九月
libres,自由
affronter,面
doué,才能
appellent,コール
repose,休符
conditions,条項
parfum,香水
protège,保護されました
tasse,カップ
pensée,思想
salaire,給料
bagnole,ワゴン
infos,情報
jolies,可愛い
récompense,褒賞
kim,キム
essayons,試します
ordinaire,一般
jeunesse,若者
musée,博物館
bébés,乳幼児
chuck,チャック
plaisantes,楽しいです
absence,不在
aiors,渡すために来ました
échappé,エスケープ
fausse,偽
jury,陪審
étudiants,学生
approcher,アプローチ
espagne,スペイン
aprés,後に
blonde,ブロンドの髪
condition,調子
race,人種
vend,セルズ
absurde,不合理
masque,マスク
appellerai,コール
pardonner,許します
pouvoirs,権力
laissée,左
annoncer,アナウンス
origine,原点
el,エル
apprends,学びます
poitrine,胸
tape,平手打ち
remis,左利き
couvert,カバー
large,大
prenons,取る
pressé,急ぎます
nu,裸
loup,狼
urgent,緊急
attente,待機
bêtises,foolery
appels,コール
mystère,神秘
travailles,作業しています
vélo,自転車
vends,売る
armé,武装しました
réaction,反応
flotte,艦隊
bleue,青
foot,フットボール
foutez,冗談
virus,ウイルス
oeufs,卵
élève,学生
daniel,ダニエル
êtres,人間
vengeance,復讐
stan,スタン
essayais,試してみました
minable,みすぼらしいです
cérémonie,式
gordon,ゴードン
uniquement,のみ
salauds,できそこない
alan,アラン
froide,コールド
helen,ヘレン
portée,範囲
disque,ディスク
attaqué,攻撃
résoudre,解決する
moche,醜い
scientifique,科学者
colle,のり
lady,レディ
maximum,最大
déclaration,宣言
installer,インストール
blessés,負傷しました
effort,努力
iras,行きます
commandement,命令
panne,壊す
visiter,訪問へ
disiez,伝えます
venais,来ました
pointe,ポイント
moque,笑
chambres,ベッドルーム
convaincu,確信して
raisonnable,合理的
aiiez,aiiez
rencontrés,MET
qualité,品質
aimée,愛し
irait,でしょう
épousé,妻
attitude,姿勢
joseph,ジョセフ
esclave,奴隷
milliards,十億
guide,ガイド
oeuvre,芸術作品
humour,ユーモア
bible,聖書
boule,玉
sacs,袋
avocats,弁護士
yo,ヨーヨー
meurent,死にます
connaissait,知っていました
union,連合
ex,EX
sally,サリー
blesser,傷つい
taylor,テイラー
maggie,マギー
perdus,失われました
malades,病気で
jungle,密林
jugement,判定
essai,トライアル
écrivain,ライター
digne,価値があります
survécu,生き残りました
julia,ジュリア
vérifié,確認
linda,リンダ
brûlé,焦げ
noble,ノーブル
sauté,飛び上がっ
gâcher,乱雑
inquiet,心配
enterrement,埋葬
prenne,取る
site,地点
engager,雇う
rayon,レイ
traîner,引っ張る
rang,順位
traître,反逆者
berlin,ベルリン
parlant,話し中
orange,オレンジ
jenny,ジェニー
voudras,お勧めします
sentais,胡瓜魚
bourse,証券取引所
élèves,学生
manques,不足
faisaient,やっていました
partage,共有
légende,伝説
cave,地下室
voleurs,泥棒
fruits,果物
préviens,あらかじめ警告します
connaissent,知っています
venant,から
policiers,警察
paire,ペア
pommes,りんご
meilleures,ベスト
cassette,カセット
sommet,山頂
remplacer,置き換えます
objets,オブジェクト
idiots,馬鹿
cage,ケージ
saurais,知っています
limite,リミット
ailes,翼
explication,説明
ô,ああ
bond,ジャンプ
floride,フロリダ
travaillez,ワーキング
carter,ボックス
conseiller,顧問
portait,身に着けていました
condamné,非難
voyant,見て
recule,後退
bénisse,祝福
associé,仲間、同僚
auteur,著者
écouté,聴く
sorcière,魔女
edward,エドワード
livrer,届けます
plainte,苦情文句
réellement,実は
albert,アルバート
adulte,大人